ticker,category,days_of_data,ytd_return_pct,annualized_volatility_pct,current_price,avg_daily_volume
BMNR,STOCK,136,557.5714285714286,988.601302284368,46.03,14899361.00404412
TMC,STOCK,163,342.5,138.0919964701678,5.31,8444651.71779141
MP,STOCK,163,335.6314826113484,103.14715505057757,71.4,9330423.576687116
PGEN,STOCK,163,324.99999999999994,117.35749156867028,4.59,3755011.411042945
CGTX,STOCK,163,323.17798368137187,150.90412918359883,3.06,4895176.012269938
OKLO,STOCK,163,235.01144164759725,126.67983455840836,73.2,17961609.312883437
HOOD,LEVERAGED,163,160.9533468559838,78.1514635174575,102.92,41578505.055214725
SATS,STOCK,163,158.28571428571428,129.47663614080753,58.76,3256697.975460123
OPEN,STOCK,163,152.83018867924525,158.5741578228577,4.02,125108307.17791411
NBY,STOCK,163,148.0,140.9877104854686,1.55,2300838.411042945
CRWV,STOCK,105,142.32500000000002,146.561126407538,96.93,20519617.304761905
THAR,STOCK,163,141.95121951219514,288.2519875221729,4.96,3687803.72392638
SBET,STOCK,163,138.50190603495224,621.4007191273373,19.27,15055725.34151595
TME,STOCK,163,128.09187279151942,52.91963714617401,25.82,7496266.552147239
BE,STOCK,163,117.58664955070604,84.35458316461478,50.85,7438690.72392638
NGD,LEVERAGED,163,117.17557251908396,55.17338059221119,5.69,19470835.36196319
APLD,LEVERAGED,163,114.1025641025641,140.9701860566538,16.7,37639459.46625767
IREN,STOCK,163,113.7189292543021,88.91057789900333,22.355,18995707.92638037
RBLX,STOCK,163,108.5316111488783,49.140118085868586,122.7,8885859.558282208
PLTR,STOCK,163,108.43197233674692,76.11593315274767,156.72,91998325.58282208
KGC,STOCK,163,104.55465587044534,42.33478199235762,20.21,20670552.061349694
CDE,STOCK,163,101.12903225806453,67.1023240036867,12.47,16389894.699386504
UUUU,LEVERAGED,163,100.7042253521127,79.826338131943,11.4,10422695.490797546
SMR,STOCK,163,98.53190287972892,114.05337799391904,35.16,11564780.576687116
XPEV,STOCK,163,96.53679653679652,69.84956739042411,22.7,9939967.969325151
ONDS,STOCK,163,92.77566539923956,131.17291318785936,5.07,16061564.99386503
FFAI,STOCK,119,88.88888888888889,137.24951560292217,2.38,12163536.2605042
NEM,STOCK,163,88.66301798279908,38.17664980044006,72.39,11756862.00613497
RKLB,STOCK,163,85.29647435897435,90.28157846646532,46.25,20166147.41717792
IVVD,LEVERAGED,163,81.45833333333334,312.07901297456647,0.871,8096237.429447853
JOBY,STOCK,163,78.12113720642769,89.3704756728701,14.41,21379433.490797546
SOFI,STOCK,163,76.64543524416135,65.51163419715958,24.96,61277941.95705521
HIMS,STOCK,163,74.64285714285714,118.04531412188548,44.01,33515294.37423313
GDX,STOCK,163,73.96717600452743,35.18810203665175,61.48,20320822.28834356
NVTS,STOCK,163,73.92550143266476,239.67960971113644,6.07,21628422.91411043
UP,STOCK,163,72.18934911242604,110.89616438029152,2.91,1560043.3865030676
BZ,STOCK,163,67.52199413489737,51.591820453370175,22.85,4178316.325153374
WULF,STOCK,163,67.21611721611723,132.8362195553024,9.13,46038210.10429448
LWLG,STOCK,163,66.66666666666666,113.5812075897737,3.6,1230080.0490797546
RKT,STOCK,163,66.63594470046081,67.02540894115228,18.08,12760669.570552148
LYG,STOCK,163,66.2962962962963,32.0865928437164,4.49,22593394.226993863
FSM,STOCK,163,65.50218340611353,59.571762210092274,7.58,14754080.71779141
U,LEVERAGED,163,64.5858833129335,80.04813439618803,40.34,12455430.564417178
COMP,STOCK,163,60.0,66.86188575500735,9.28,7366095.411042944
APH,STOCK,163,59.58556730908562,38.783735425446594,110.13,8410187.932515338
QBTS,STOCK,163,58.480749219562966,157.51359602838642,15.23,66545778.13496933
CX,STOCK,163,56.94200351493848,37.864039456576215,8.93,12892369.36809816
BTG,STOCK,163,56.75675675675676,45.661826285365166,4.06,41460110.55214724
RUN,STOCK,163,54.750244857982366,129.26028187409833,15.8,17204020.08588957
ITUB,STOCK,163,54.66666666666666,29.293069294088504,6.96,28698822.876687117
GPRO,STOCK,163,54.54545454545453,108.59572245296968,1.7,6589290.134969325
EQX,STOCK,163,54.4256120527307,51.44540322926727,8.2,12231629.067484662
BBD,LEVERAGED,163,54.08163265306123,40.394789089670894,3.02,41445426.87116564
TPR,STOCK,163,53.86256285235413,47.58555127053828,100.98,4979613.147239264
HL,STOCK,163,52.6615969581749,60.94638622838301,8.03,20967205.644171774
AG,STOCK,163,52.60504201680673,62.94234898864487,9.08,20693938.40490797
UBER,STOCK,163,50.91024220357764,40.42958570071549,95.33,21818755.165644173
EBAY,STOCK,163,50.425566083186126,38.14800085411101,93.67,5642113.7668711655
SMCI,STOCK,163,48.95174708818635,97.01648678831994,44.76,54560590.13496933
AMDL,STOCK,163,47.12041884816755,114.51705598015072,11.24,26240582.490797546
QS,STOCK,163,45.126353790613706,101.24948809367108,8.04,24119720.165644173
CIFR,STOCK,163,44.72049689440994,109.8720012107417,6.99,21271256.067484666
ALLR,STOCK,163,43.24324324324324,120.81772903994091,1.59,3912742.0858895695
LRCX,STOCK,163,43.11154058531199,49.46371261191965,103.67,11961078.36196319
ORCL,STOCK,163,42.02854905739927,49.15973026056889,235.81,11882070.392638035
NIO,STOCK,163,39.34065934065934,67.36877107602565,6.34,54951134.47239264
AMD,LEVERAGED,163,38.547624968913205,57.14956273438949,167.13,46834719.226993866
C,STOCK,163,38.50443237060339,35.493612146620364,96.87,15695438.208588958
NU,LEVERAGED,163,37.723424270931325,51.103677791056455,14.64,57358357.36809816
RR,STOCK,163,37.34439834024896,162.00275125858792,3.31,13753090.969325151
UEC,STOCK,163,36.08923884514434,70.00200070748309,10.37,11077886.889570553
MSOS,STOCK,163,35.78431372549019,82.74157019397748,5.54,6716537.251533742
IBKR,STOCK,163,35.43013698630137,50.14870489989265,61.79,7632588.128834356
MU,LEVERAGED,163,34.833390587427004,62.68684642508937,117.75,22707355.484662578
ARRY,STOCK,163,33.97626112759642,93.01182905193566,9.03,6894786.730061349
ALTS,STOCK,163,33.00970873786406,126.39067728665734,6.85,1680281.8957055216
PSLV,STOCK,163,32.3529411764706,24.598311143607543,13.05,32651224.944785275
ETHA,CRYPTO,163,31.9083969465649,79.04458561613365,34.56,21950444.484662578
NVDA,STOCK,163,31.29925529607403,55.83894919656797,181.6,238741436.42331287
KWEB,STOCK,163,30.46657381615599,35.685987577224935,37.47,22183440.24539877
WBA,STOCK,163,30.359085963003277,50.6165734706272,11.98,18733556.6196319
SLV,ETF,163,29.9294467137022,24.923991111361843,34.99,20408053.251533743
RIOT,CRYPTO,163,29.54110898661568,83.33549421717153,13.55,33427118.90184049
AVGO,STOCK,163,29.429261143202005,53.99316099507276,300.25,25829244.09815951
CCL,STOCK,163,29.308276689324277,51.87785148980092,32.34,23538512.89570552
NVDL,STOCK,163,28.80512091038407,110.30986871948828,90.55,20509983.56441718
EOSE,STOCK,163,28.75226039783001,108.81090328302837,7.12,10553784.773006136
FXI,STOCK,163,27.868852459016384,28.578955820783868,38.22,42987535.48466258
EWZ,STOCK,163,27.78511668868339,24.88349369785354,29.02,24883190.10429448
GLD,ETF,163,27.418303316763097,18.449912924252395,312.71,10072467.55214724
T,STOCK,163,27.2886552781428,23.796699502828325,29.06,37071678.86503068
PDD,LEVERAGED,163,26.143048818247493,45.93645059607854,122.22,9120096.251533745
OSCR,STOCK,163,25.60885608856088,84.80789505002383,17.02,13630961.975460123
ADT,STOCK,163,25.50143266475644,28.54809672578188,8.76,14819480.950920245
OPAD,LEVERAGED,163,25.3731343283582,213.410974182672,3.36,1837478.5644171776
BBAI,STOCK,163,24.81751824817517,141.86658651404903,5.13,87200731.97546013
AFRM,STOCK,163,24.124140137578,80.50655105784654,77.59,7123335.116564417
F,STOCK,163,23.41968911917098,33.227709105076826,11.91,97669236.0429448
VEA,STOCK,163,23.15590947191954,18.505435447273115,58.77,12833943.055214724
INTC,STOCK,163,22.8981206726014,64.58557891918963,24.85,99494019.98773006
JNJ,STOCK,163,22.75378419663934,21.75856396274216,176.79,9011402.245398773
FL,STOCK,163,22.150438394093204,119.3902363771954,26.47,4649856.165644172
EFA,STOCK,163,21.67219641672198,19.04982800292392,91.68,14463542.944785276
MSFT,STOCK,163,21.06168474365713,27.107807742069397,506.74,22324853.331288345
ABEV,STOCK,163,20.765027322404364,28.16183725749027,2.21,32633819.08588957
TOST,STOCK,163,20.560747663551396,48.54894330399958,43.86,7321670.736196319
EEM,ETF,163,19.51628352490421,19.320050816693097,49.91,25958372.62576687
UNIT,STOCK,163,19.45945945945946,94.95011793338657,6.63,2322275.662576687
IEMG,STOCK,163,19.221177824669088,19.013143434395214,62.15,10238877.99386503
LYFT,STOCK,163,19.047619047619044,61.38763735242776,16.25,18132684.355828226
TSM,STOCK,163,18.70721301716439,44.58942078716834,239.29,14852207.435582822
IQ,STOCK,163,18.5929648241206,64.77931993339361,2.36,28604353.233128835
OKTA,STOCK,163,18.01344665736395,53.60922965780129,93.03,3695396.392638037
EXC,STOCK,163,17.870419543282008,20.765351222671217,44.39,7307381.754601227
RF,STOCK,163,17.841788478073937,31.957572593983883,27.41,10379333.680981595
WFC,STOCK,163,17.53811084200029,31.601803886665785,82.5,17137811.570552148
VICI,STOCK,163,16.419454984477415,20.29450463233322,33.75,6919293.4601227
FCX,STOCK,163,15.813093980992592,49.81841512384377,43.87,15620445.73619632
CSCO,STOCK,163,15.80372250423011,25.58425391907104,68.44,21430662.932515334
TQQQ,LEVERAGED,163,15.782780109373029,79.63557719446305,91.04,81698607.92638037
VALE,STOCK,163,15.427927927927918,31.918864588682688,10.25,36933314.503067486
KSS,STOCK,163,15.253029223093389,103.39790083943952,16.17,11444561.932515338
IBIT,STOCK,163,14.953946180242012,42.16033791930652,63.65,45518727.35582822
KEY,STOCK,163,14.19316843345112,34.51665044416309,19.39,17557830.932515338
FHN,STOCK,163,14.14999999999999,34.5419948411265,22.83,6692373.251533742
MSTR,CRYPTO,163,14.016199460018004,82.05761330493685,342.06,15272088.760736195
WBD,LEVERAGED,163,13.977485928705445,57.16597518698402,12.15,46792808.04294479
BAC,STOCK,163,13.75028223075187,30.20676243197978,50.38,42037265.55214724
CLF,STOCK,163,13.10272536687631,80.9096106306137,10.79,24942874.680981595
QQQ,ETF,163,12.398330164827623,26.87171050653462,573.49,44765161.87730061
XLF,ETF,163,11.553619580999792,21.61547777650931,53.78,44233014.0
KO,STOCK,163,11.303363518758076,18.86604235592648,68.83,16745057.153374232
SCHX,STOCK,163,10.712742980561558,21.77979479770608,25.63,11742926.484662578
SPLG,STOCK,163,10.644176239639387,21.679116481625076,76.09,9688293.411042944
SPY,ETF,163,10.60310618500274,22.76229945485974,646.63,69027314.18404908
CVE,STOCK,163,10.58131939908556,43.86911666356188,16.93,12185420.208588958
KRE,STOCK,163,10.170911528150134,30.221272276523678,65.75,14112201.28220859
VZ,STOCK,163,10.096990798308884,22.142794947160372,44.27,21293780.47239264
HBAN,STOCK,163,9.605911330049276,32.77351078103318,17.8,25608486.392638035
GOOGL,STOCK,163,9.528585757271806,32.83962801416244,207.48,36186041.08588957
GOOG,STOCK,163,9.22205319204743,32.47138910406189,208.21,23672034.785276078
CNH,STOCK,163,8.836789900811546,39.28485306920033,12.07,17697962.26993865
CVX,STOCK,163,8.540658441824007,27.47031190553861,159.24,9332129.245398773
EQT,STOCK,163,8.447729672650475,40.82367661998765,51.35,8303576.392638037
RSP,STOCK,163,8.087225274725272,19.71404871422636,188.85,10129457.607361965
TFC,STOCK,163,7.96215093468729,32.04639039176133,46.78,8490014.81595092
WMT,STOCK,163,6.755555555555554,26.986943495037885,96.08,19164246.21472393
IWM,ETF,163,6.692592927557209,24.99189144497724,235.94,32862964.7607362
HPE,STOCK,163,5.868653935724274,49.18644798788001,22.73,18766420.699386504
AGNC,STOCK,163,5.603448275862084,23.59935876301768,9.8,25151040.65644172
XOM,STOCK,163,5.0694250302860855,25.974830391922094,112.75,16685927.846625768
GRAB,STOCK,163,4.430379746835443,56.56521094519954,4.95,35901354.26993865
DNN,STOCK,163,4.3269230769230695,63.39007226890726,2.17,77878319.66257669
AMZN,STOCK,163,4.041413132322226,36.29695899284536,229.12,44138495.44785276
QCOM,STOCK,163,3.989846394168201,40.26087923758551,159.77,8342101.852760736
XLP,STOCK,163,3.062396325124398,15.166832459908242,80.77,14269857.662576688
LQD,LEVERAGED,163,2.976134768366876,7.514546613255681,110.03,27271926.22085889
XLE,STOCK,163,2.9540733902607923,27.776840286419876,89.22,17644514.386503067
WMB,STOCK,163,2.881173944166069,28.970450409200083,57.49,7689759.730061349
HLN,STOCK,163,2.860169491525438,24.21005406079761,9.71,12784939.417177914
AIFF,STOCK,163,2.734374999999994,263.5485482381634,2.63,4498019.435582822
HYG,ETF,163,2.701674277016737,6.596496616765172,80.97,40907656.17791411
ETSY,STOCK,163,2.485407644511392,48.676421128351656,54.43,4882705.220858896
VCSH,STOCK,163,2.3452518262206823,2.772089567105424,79.86,4786426.773006135
SCHD,LEVERAGED,163,2.2377109317681563,18.493209989057373,27.87,16579770.122699387
USHY,STOCK,163,2.224633749321759,6.659074421419792,37.68,12815710.312883437
USB,STOCK,163,1.8804847471792696,30.449562817512348,48.76,10547948.680981595
SOXL,LEVERAGED,163,1.8431514275388436,128.32092093685162,28.18,139214464.0245399
CLSK,STOCK,163,1.375661375661384,85.11066162247596,9.58,24962779.773006134
CSX,STOCK,163,1.1815920398010031,25.66468798961845,32.54,17110121.932515338
HST,STOCK,163,0.9883720930232656,32.968117655540205,17.37,9818674.484662578
TNA,STOCK,163,0.882844189930815,74.91417501916794,42.28,14834038.110429447
HPP,STOCK,163,0.0,64.04217903490054,2.86,5136857.490797546
CNQ,STOCK,163,-0.2232142857142866,32.719144731965926,31.29,6470608.153374233
RIVN,STOCK,163,-0.2264150943396178,59.619009678805554,13.22,33856134.58895706
BEKE,STOCK,163,-0.3919372900335962,45.65279376406859,17.79,8585007.748466257
XLV,STOCK,163,-0.4650824794709794,18.87008018933259,136.97,11438079.889570553
CRML,STOCK,163,-0.6106870229007639,179.4533219015716,6.51,3223001.26993865
TLT,ETF,163,-1.0505881009477989,13.212744999247375,86.65,38443356.13496933
PEP,STOCK,163,-1.7109380201052005,24.51599574509574,147.64,8487584.766871165
CORZ,STOCK,163,-1.9337016574585717,94.59296679827531,14.2,16561499.386503069
ERIC,STOCK,163,-1.9826517967781925,35.34458144498628,7.91,20592380.29447853
KVUE,STOCK,163,-2.490601503759404,26.59631332428057,20.75,17331970.846625768
NOK,STOCK,163,-3.1390134529147917,30.71038129051924,4.32,19894096.607361965
IONQ,STOCK,163,-3.897911832946635,122.52544841186533,41.42,22525041.44785276
NCLH,STOCK,163,-4.012345679012356,55.75050976582791,24.88,14111043.220858896
IPG,STOCK,163,-4.30145751866334,32.83617289310604,26.92,6918830.263803681
ACHR,STOCK,163,-4.388714733542319,94.94517925806556,9.15,32722728.392638035
KMI,STOCK,163,-4.553539665599435,27.98462148462332,26.83,14564319.337423312
HIVE,STOCK,163,-4.854368932038832,73.72949022183883,2.94,14827774.779141104
SBUX,STOCK,163,-4.893132255614631,37.34380833975509,87.66,10422815.503067484
AAPL,STOCK,163,-5.478777937256504,37.31560514531998,230.49,57041200.17791411
GAP,STOCK,163,-5.548496399830575,62.89914645099056,22.3,8915152.91411043
PFE,STOCK,163,-5.787298008267565,25.923623579484985,25.07,45115143.33742331
LUMN,STOCK,163,-6.060606060606073,69.9309257163308,5.27,12189868.81595092
TLRY,STOCK,163,-6.1643835616438265,118.4917877045,1.37,42367478.073619634
AUR,STOCK,163,-6.22950819672131,104.53035049464329,5.72,19583092.7607362
SLB,STOCK,163,-6.302083333333338,40.166222345402495,35.98,16167667.423312884
KDP,STOCK,163,-6.423173803526456,26.698140013578275,29.72,12511914.429447852
TSLA,STOCK,163,-7.825353300991339,70.52874539952784,349.6,104313119.59509204
PBR,STOCK,163,-7.854984894259825,33.14659070035795,12.2,21132743.300613496
MARA,CRYPTO,163,-7.902382335851256,81.44303436115247,15.85,42708965.38650307
IBRX,STOCK,163,-8.949416342412452,93.7223041552047,2.34,7890878.490797546
AMCR,STOCK,163,-8.983957219251336,27.97784859128038,8.51,29096160.196319018
KHC,STOCK,163,-9.35976600584985,25.923651271508454,27.89,12339697.27607362
CMCSA,STOCK,163,-9.647247461250666,28.675996667138893,33.81,24182457.644171774
ET,STOCK,163,-10.857432775240996,30.57291579659267,17.57,15447784.55214724
DOC,STOCK,163,-11.210317460317468,24.90286458728781,17.9,6104885.503067485
LKQ,STOCK,163,-11.479028697571756,37.98759536323094,32.08,2759886.4846625766
BTBT,STOCK,163,-12.179487179487175,95.78004403358766,2.74,24209750.4601227
PATH,STOCK,163,-13.843774168600149,48.24994826849308,11.14,11607881.760736195
BITO,STOCK,163,-14.658803706823914,44.33019376782254,20.26,8429203.067484662
MRK,STOCK,163,-15.226378945245548,30.649192271644655,84.07,15312955.404907975
TEVA,STOCK,163,-15.258215962441312,45.4293264747341,18.05,12135856.901840491
CCCS,STOCK,163,-15.258620689655167,31.56371729833019,9.83,7521787.067484663
VTRS,STOCK,163,-16.10305958132045,38.85688805785809,10.42,12720708.82822086
BMY,STOCK,163,-16.129600281739737,29.520513329707672,47.63,13212517.969325151
HPQ,STOCK,163,-16.507545426547583,39.390566841513504,27.11,8264957.650306748
BITF,STOCK,163,-16.77018633540373,85.34112944110916,1.34,25898515.785276078
BTE,STOCK,163,-17.735849056603765,66.6367901691573,2.18,40001616.52760736
LABD,LEVERAGED,163,-18.08972503617945,88.18593804844373,5.66,14795791.797546012
WU,LEVERAGED,163,-18.103448275862057,32.371740476772736,8.55,7472109.981595092
TSLS,STOCK,163,-18.26697892271661,70.48049882755119,6.98,18046947.773006134
PYPL,STOCK,163,-19.18078440473428,40.41595969771784,69.65,11094839.441717792
HAL,STOCK,163,-19.581680490443564,45.67730208531916,22.3,13585530.950920245
RIG,STOCK,163,-19.74683544303798,68.15399745677905,3.17,35600163.76687117
PACK,STOCK,163,-20.501474926253696,97.61795763362792,5.39,619005.018404908
ECX,STOCK,163,-20.79207920792079,120.89299640395188,1.6,4241259.797546012
QUBT,STOCK,163,-21.03439082911223,158.1527195252713,14.81,23788519.9202454
SDS,STOCK,163,-21.851289833080425,43.14530853725261,15.45,14153169.061349694
GIS,STOCK,163,-22.48977022348127,24.56721275537232,49.25,5612091.312883436
AAL,STOCK,163,-22.76470588235294,61.29845876571031,13.13,57218405.6993865
RAY,STOCK,163,-22.794117647058822,206.58733438774252,1.05,2930338.0858895704
RGTI,STOCK,163,-23.05,158.31524195423842,15.39,69101669.03680982
INFY,STOCK,163,-23.253757736516363,26.812770387625257,17.36,12737763.625766871
CPB,STOCK,163,-23.649773970973108,27.043425419781336,32.09,4301481.687116564
S,STOCK,163,-24.014178112538776,47.45011618918752,17.15,5745794.883435583
PCG,STOCK,163,-24.637681159420296,33.98290835285814,15.08,23654711.662576687
CMG,STOCK,163,-28.786107864418103,36.58865765022273,42.65,14200289.803680982
JBLU,LEVERAGED,163,-29.278074866310167,78.12882428304879,5.29,23886473.86503068
AMC,STOCK,163,-29.353233830845767,59.4221341841662,2.84,10687079.098159509
PLUG,STOCK,163,-30.47210300429185,113.306411603265,1.62,85337090.9815951
VFC,STOCK,163,-30.64066852367688,78.55685848796507,14.94,8792817.509202454
CAG,STOCK,163,-30.75533068305024,26.24546879852616,19.16,8060509.104294479
TZA,STOCK,163,-30.8108108108108,74.9614958727077,8.96,24556511.53374233
LCID,LEVERAGED,163,-31.353135313531343,81.44410355718705,2.08,115213791.6380368
MSTU,LEVERAGED,163,-31.941031941031945,161.29128149261703,5.54,57035976.73619632
RXRX,STOCK,163,-32.17753120665742,96.438073793345,4.89,24580986.50306749
CFLT,STOCK,163,-33.27433628318583,77.98648176161477,18.85,6639521.932515337
SPXS,LEVERAGED,163,-34.12322274881517,64.94194442180489,4.17,69802894.0
MRVL,STOCK,163,-34.140542444522715,71.99633035177109,74.79,18219405.595092025
SPXU,LEVERAGED,163,-34.359876814782226,64.56523672490314,14.92,17560649.196319018
NVDD,LEVERAGED,163,-35.24720893141946,55.35032900829653,4.06,14106847.981595092
NVO,STOCK,163,-35.51188299817184,54.21238662355263,56.44,11783788.81595092
FAZ,STOCK,163,-36.03744149765991,66.07298634527862,4.1,26239498.12883436
ULTY,STOCK,163,-36.28318584070796,35.54160261978938,5.76,12184437.147239264
UAA,STOCK,163,-37.77777777777778,57.16904081876881,5.04,13322850.116564415
AVTR,STOCK,163,-37.783018867924525,54.10082216163386,13.19,10904956.404907975
SNAP,STOCK,163,-37.81138790035587,64.1931560951188,6.99,37347673.63803681
COTY,STOCK,163,-38.775510204081634,57.417248040398405,4.2,8256993.527607362
TSLY,STOCK,163,-39.74739970282319,60.58762522649084,8.11,13497064.294478528
UNH,STOCK,163,-39.76729896335058,55.0661773505204,303.88,12848243.26993865
MRNA,STOCK,163,-40.238095238095234,71.20120932121871,25.1,10746525.55214724
SOUN,STOCK,163,-40.92261904761904,111.08303253831104,11.91,41610383.93251534
TSLG,STOCK,163,-43.39781328847771,140.7860498457094,6.73,4960683.3742331285
SQQQ,LEVERAGED,163,-43.74601148691768,79.42573878937421,17.63,93357129.44785276
TSLL,LEVERAGED,163,-44.19181479950393,140.57199457780214,13.5,163576337.25153375
HKPD,LEVERAGED,155,-44.32624113475177,147.4522238746614,1.57,1909162.058064516
UVXY,STOCK,163,-44.39252336448597,122.90513032346092,11.9,19556956.41717792
DJT,STOCK,163,-47.325102880658434,72.31086705297305,17.92,7565640.312883436
CGC,STOCK,163,-47.56944444444444,118.18751455874607,1.51,10399255.509202454
CONY,STOCK,163,-48.47356664184661,67.13740535276062,6.92,8148197.785276074
CNC,STOCK,163,-52.33845645347876,62.894320925282656,28.84,8748839.865030674
TSLQ,STOCK,163,-54.12782956058588,141.0345061677737,13.78,21573244.055214725
TSLZ,LEVERAGED,163,-55.6350626118068,140.88261682586057,1.24,83286849.28220859
PLTD,LEVERAGED,163,-65.75225032147449,75.88454623386272,7.99,6197404.809815951
UVIX,STOCK,163,-66.0056657223796,163.32085269567068,12.0,10321157.271165645
CAN,STOCK,163,-66.22522522522523,107.3830873669826,0.7498,27536822.40490797
IBIO,STOCK,163,-66.64876033057851,129.5939348796554,0.8071,1545199.7607361963
NVD,LEVERAGED,163,-66.70208997520368,110.9299287045752,9.4,8410449.736196319
IXHL,STOCK,163,-66.73449131513647,934.3694869520552,0.6703,65637318.04294479
NVDQ,STOCK,163,-67.78846153846155,111.32283949111658,1.005,40898281.04294479
NVOX,STOCK,163,-69.05532083443359,108.22539237757896,3.75,2073418.220858896
SOXS,LEVERAGED,163,-69.9367088607595,129.28526738226952,6.65,103002682.06748466
MRKR,STOCK,163,-70.44339622641509,112.67572483494186,0.9399,820354.6932515338
VRAX,STOCK,163,-73.08597285067874,94.01776159575996,0.5948,331571.1717791411
JDST,STOCK,163,-73.91771019677996,76.49648109310732,7.29,3721454.644171779
MSTZ,STOCK,163,-81.03382013835511,162.52906723745215,4.935,34235986.134969324
PTHL,STOCK,163,-82.7338129496403,197.03838089440063,0.72,989403.5950920244
ETHD,CRYPTO,163,-84.44976076555024,157.5740640741448,3.25,3816834.282208589
NUKK,STOCK,163,-84.87071977638014,147.25514098321014,4.33,735407.736196319
GDXD,LEVERAGED,163,-87.98657718120805,105.37503220684935,1.79,7584213.36196319
STKH,STOCK,163,-91.02619047619046,142.36473730307753,0.7538,918501.2858895704
VCIG,STOCK,163,-97.493993993994,160.54400574401924,0.8345,2352143.8773006136
HOLO,STOCK,163,-97.98275862068964,179.03138489569668,4.68,2293282.3210122697
CELC,STOCK,41,301.6491754122938,414.8316042865642,53.58,1702511.219512195
ANPA,STOCK,40,1096.0227272727273,311.3322716391128,42.1,696244.975
BGLC,STOCK,41,-4.047217537942653,237.6090479890884,5.69,1736643.9024390243
BGL,STOCK,41,-86.51399491094146,205.43210270913167,10.07,217439.36585365853
BCTX,STOCK,41,-70.69204152249135,186.66240780899412,8.47,177079.63902439023
ARTL,STOCK,41,-36.80167597765362,167.31971026525187,9.05,329488.4146341463
ATHR,STOCK,41,-43.84,156.6398167407723,7.02,109688.85365853658
BKKT,STOCK,41,-45.8186101295642,155.80975246801924,9.2,1318948.1219512196
ASST,STOCK,41,-7.449856733524361,147.20593769837492,6.46,5616825.731707317
AEHR,STOCK,41,67.88124156545207,141.28350992757234,24.88,2035827.2926829269
AMRC,STOCK,41,58.431860609831986,140.0621865859194,25.46,806620.5609756098
ATLX,STOCK,41,33.766233766233775,132.42634241093674,5.15,491479.85365853657
AIP,STOCK,41,-2.58342303552205,130.04643792397283,9.05,1278436.975609756
AVAH,STOCK,41,91.6279069767442,129.59265914993534,8.24,1235772.0487804879
CAPR,STOCK,41,-36.06060606060606,126.09634862201293,6.33,2193528.536585366
ARCT,STOCK,41,25.0,120.47835454029487,16.7,566317.0
AMBQ,STOCK,24,-3.9449779392681106,120.09070925866936,37.01,681972.2916666666
BKTI,STOCK,41,40.584893751314944,119.9802788092185,66.82,74844.39024390244
AIRO,STOCK,41,-3.475810239549077,110.03322916212026,20.55,1007903.8780487805
CDNA,STOCK,41,-24.932249322493224,108.30701220098166,13.85,1879397.8292682928
ATYR,STOCK,41,6.60377358490567,106.59609006399022,5.65,4967374.707317073
BIRD,STOCK,41,-34.01360544217687,105.54679707190819,6.79,62366.70731707317
ALAB,STOCK,41,94.42088819459941,103.32339672705486,174.24,5672435.731707317
AEVA,STOCK,41,-59.05710886377156,102.64151591146396,13.765,2879142.1951219514
BULL,STOCK,41,5.738993710691813,101.66233470535815,13.45,14877085.121951219
ALMU,STOCK,41,29.017857142857146,100.4438348440801,20.23,300894.2926829268
ASPI,STOCK,41,29.596412556053803,99.83860067955621,8.67,4898440.780487805
ARX,STOCK,28,-19.924528301886795,99.79449322348238,21.22,2312965.3571428573
ALGN,STOCK,41,-29.236960222875723,99.20520983121499,137.16,1751372.5853658537
AMPX,STOCK,41,48.17813765182186,98.84855644754157,7.32,9223699.902439024
BLMN,STOCK,41,-25.813221406086033,93.89434593511452,7.07,2718202.3414634145
BLBX,STOCK,41,-17.491749174917494,90.66428503365155,6.25,67874.21951219512
AMSC,STOCK,41,21.11276701440636,90.041146932177,48.76,1116231.4146341463
BHVN,STOCK,41,15.228426395939099,89.0357015427797,15.89,1936978.780487805
BGM,STOCK,40,-25.0,88.76226756555877,7.5,62807.525
ARQQ,STOCK,41,-22.815804117974402,88.6283595284303,27.74,591513.8780487805
ASTH,STOCK,41,32.00828157349897,88.56794298111127,31.88,407966.0243902439
BRBR,STOCK,41,-27.33938547486034,88.53019178293849,41.62,3591019.1463414636
AAOI,STOCK,41,-11.686838124054463,87.96148887494458,23.35,5010571.12195122
ANIK,STOCK,41,-15.356151711378354,87.89600495000082,9.15,137947.0
BETR,STOCK,41,64.34977578475333,87.48326286151334,21.99,51538.21951219512
AIRS,STOCK,41,16.512059369202237,85.91669380468365,6.28,738616.7804878049
AVTX,STOCK,41,89.89473684210525,85.8773811612374,9.02,228775.73170731709
ATEC,STOCK,41,43.4583714547118,82.9429837386934,15.68,2402112.1219512196
AARD,STOCK,41,-36.35057471264368,82.73125317241035,8.86,59844.73170731707
CEP,STOCK,41,-18.02094618996028,82.71830046334144,22.7,482607.1951219512
ARWR,STOCK,41,52.49406175771971,82.69995027728689,25.68,2391055.2439024393
AEO,STOCK,41,36.32694248234107,82.25790489627977,13.51,13746368.07317073
AI,STOCK,41,-34.42495126705653,81.93402895621912,16.82,8843922.121951219
ARQ,STOCK,41,21.061359867330008,80.99413182289774,7.3,275885.4146341463
BKSY,STOCK,41,-21.237303785780245,80.59893077232397,17.06,2067662.5853658537
ARHS,STOCK,41,22.573609596510362,79.49804114592419,11.24,2249854.3658536584
ASYS,STOCK,41,24.736842105263154,79.35759376550516,5.925,60835.78048780488
CEPO,STOCK,41,-11.629881154499145,78.88485762794045,10.41,752307.756097561
ADUR,STOCK,41,27.34463276836158,78.24926528877842,11.27,241854.73170731709
ATRA,STOCK,41,43.82284382284382,77.857909004956,12.34,59711.0
ALGS,STOCK,41,41.59999999999999,76.62725829669138,10.62,79576.19512195123
AMR,STOCK,41,24.888730639131214,76.20020842240656,140.3,414028.7073170732
AREN,STOCK,41,-11.127596439169139,75.17428265591994,5.99,212795.82926829267
BLZE,STOCK,41,49.45255474452553,75.02632941627755,8.19,526308.6829268293
ACMR,STOCK,41,-1.4295925661186637,74.8839378572983,27.58,1290047.3414634147
ATKR,STOCK,41,-21.971754481260184,74.00108491741679,57.46,626650.6829268293
BMBL,STOCK,41,-3.78548895899054,73.81461726025162,6.1,3733941.463414634
BOOM,STOCK,41,-20.28639618138426,73.70609165105063,6.68,189293.29268292684
CC,STOCK,41,23.349436392914658,73.14130848145196,15.32,4026556.487804878
CCOI,STOCK,41,-25.005078204346937,73.02263371632854,36.92,1315783.7073170731
CBIO,STOCK,41,-10.529758011772397,72.94962638751858,13.68,116372.70731707317
BYRN,STOCK,41,-38.02145411203814,72.78516131245858,20.8,670972.8780487805
ACTU,STOCK,41,44.75873544093177,72.51433910554107,8.7,80008.9268292683
BBNX,STOCK,41,41.94029850746268,71.34976015775433,19.02,579143.2195121951
AMWL,STOCK,41,-17.279411764705884,71.25880986566993,6.75,61288.560975609755
AMBC,STOCK,41,18.121693121693124,71.085901129021,8.93,933968.3902439025
CABO,STOCK,41,22.170793797732014,70.56810311847447,158.37,194991.07317073172
CADL,STOCK,41,17.43486973947896,70.31224731440895,5.86,788211.6585365854
ACB,STOCK,41,16.704288939051924,70.2996422066558,5.17,1509228.6829268292
BROS,STOCK,41,9.793891981344975,70.26583656206479,72.98,3363208.7560975607
AEYE,STOCK,41,6.190885640584685,70.2349950408706,12.35,114533.53658536586
ALTG,STOCK,41,9.986504723346831,69.68285098358443,8.15,266384.73170731706
AVD,STOCK,41,35.338345864661655,69.35689013719123,5.4,246060.43902439025
ALGT,STOCK,41,16.377910124526267,68.89180861383328,64.485,457401.7073170732
BNED,STOCK,41,-22.34982332155478,68.49772493459376,8.79,460684.9756097561
AORT,STOCK,41,44.30505117200397,68.41056999223989,43.71,471662.4146341463
ASLE,STOCK,41,39.10891089108912,68.39560958330293,8.43,446346.7804878049
ALB,STOCK,41,21.435114503816806,68.28235959317026,79.54,4817188.731707317
AAON,STOCK,41,11.309442703365576,67.99422866792189,81.69,1393320.8048780488
ATRO,STOCK,41,14.523212045169382,67.96631993635978,36.51,658334.2195121951
CAI,STOCK,41,37.80625706747079,67.74198607172032,36.56,627886.731707317
ACOG,STOCK,41,-27.491103202846972,67.58216874266107,8.15,56668.365853658535
AVXL,STOCK,41,-5.105105105105103,67.41784488976434,9.48,1042505.6585365854
BWMX,STOCK,41,55.46511627906976,66.84761443569411,13.37,72979.34146341463
AIN,STOCK,41,-12.035598248340165,66.22530665240967,62.27,309070.1951219512
BVS,STOCK,41,5.86510263929618,65.72995088001409,7.22,490771.9512195122
CERT,STOCK,41,-2.470265324794141,65.54700499706992,10.66,1440898.243902439
BRKR,STOCK,41,-19.48146353283258,65.37010698700006,33.23,3276587.6097560977
BHC,STOCK,41,11.79039301310043,65.11934190141025,7.68,3074544.463414634
ASPN,STOCK,41,5.047318611987387,65.10984759096208,6.66,2278420.9024390243
AZTA,STOCK,41,-4.040725421571746,64.87277540428586,30.16,638201.512195122
ALKT,STOCK,41,-18.836748182419043,64.25439501678773,24.56,1467856.1951219512
ALLT,STOCK,41,-12.486427795874052,63.945993857839866,8.06,666796.6829268293
ADTN,STOCK,41,-2.795031055900617,63.89052243754273,9.39,1073814.9512195121
AUDC,STOCK,41,-3.746097814776269,63.88148389440563,9.25,151450.39024390245
ASTS,STOCK,41,6.719194572116438,63.76176605410181,48.76,9647259.68292683
BTDR,STOCK,41,8.495238095238097,63.56247654734415,14.24,3891136.2195121953
BAX,STOCK,41,-18.592118558437182,63.454355616630096,24.17,8289202.682926829
AMLX,STOCK,41,47.63313609467457,63.25045053686221,9.98,1392488.0975609757
AHL,STOCK,41,20.718050065876152,62.95512905040397,36.65,579633.0
BAND,STOCK,41,-3.2360406091370546,62.870889736823145,15.25,268780.9024390244
APLS,STOCK,41,61.71067738231917,61.95271128565321,28.17,2516182.1707317075
ADSE,STOCK,41,-2.325581395348834,61.470298221403155,11.34,71732.60975609756
BBW,STOCK,41,15.227053140096622,60.71804786543697,59.63,250290.07317073172
AMPH,STOCK,41,34.7769028871391,60.59068038765311,30.81,550706.3902439025
ACHC,STOCK,41,0.557461406518006,60.520003865283975,23.45,2140329.6097560977
AEBI,STOCK,41,-1.0717230008244087,60.47604738093635,12.0,488501.56097560975
BCAX,STOCK,41,32.07547169811322,60.4760175770896,11.9,313415.9268292683
ATXS,STOCK,41,6.290322580645157,60.03541988946043,6.59,256645.17073170733
BILL,STOCK,41,-1.6003369130343337,59.876719896919774,46.73,3144353.0975609757
AES,STOCK,41,16.406250000000007,59.46536529182184,13.41,12546150.512195121
AMBA,STOCK,41,22.11377154186366,58.53101236952789,80.07,787445.5365853659
AXON,STOCK,41,-7.301535853196363,58.46260714841098,743.59,659272.268292683
CAVA,STOCK,41,-22.199810156620796,58.328775183300976,65.57,4851949.219512195
ARVN,STOCK,41,1.412066752246474,58.29776197245191,7.9,1884443.1463414633
ANGI,STOCK,41,9.203980099502491,57.8074060015206,17.56,708046.6829268293
AVPT,STOCK,41,-13.937466878643361,57.803966561811635,16.24,1441732.268292683
AMKR,STOCK,41,11.473880597014913,57.56400360318952,23.9,2108928.3658536584
ARIS,STOCK,41,3.131703131703133,57.21668816245056,24.04,1129542.0487804879
CCSI,STOCK,41,11.583824768323506,57.04715622907505,26.49,151826.9756097561
AXL,STOCK,41,37.32718894009217,57.043488827814556,5.96,3841023.6341463416
BRSL,STOCK,41,-4.091174751607244,56.94270342037101,16.41,2475057.2682926827
CARL,STOCK,29,-6.689655172413797,56.804635711726704,13.53,293162.0689655172
BNTC,STOCK,41,2.1126760563380294,56.64506798144549,13.775,62025.58536585366
CECO,STOCK,41,52.80295401141324,56.58672859558707,45.52,398672.46341463417
CBLL,STOCK,41,-33.604651162790695,56.48122999592016,11.42,302306.6341463415
CERO,STOCK,41,-17.040358744394617,56.38510310457515,7.4,60991.243902439026
AUPH,STOCK,41,56.35876840696118,56.24905218706877,11.68,2280443.463414634
APPF,STOCK,41,13.610499646965987,56.19705805382029,273.54,334724.2926829268
CE,STOCK,41,-20.70567986230637,56.18452964495938,46.07,2208779.8292682925
CDRE,STOCK,41,-2.860735617730274,56.15941993777369,30.9,318363.53658536583
CDTX,STOCK,41,32.07039337474121,56.04231031074121,63.79,552325.243902439
ASMB,STOCK,41,30.010775862068968,55.97070521797845,24.13,93898.75609756098
CBZ,STOCK,41,-13.15789473684211,55.92402778216318,64.02,618785.0243902439
APP,STOCK,41,39.631884057971014,55.91650766527305,481.73,5319232.951219512
AXGN,STOCK,41,38.292253521126774,55.90128992307343,15.71,1589390.4390243902
BIO,STOCK,41,17.6677730106047,55.880857337560094,290.71,287460.9756097561
AMWD,STOCK,41,17.349177330895785,55.02026985129833,64.19,206147.24390243902
BLBD,STOCK,41,26.47843485993776,54.98255330858982,56.89,647369.0487804879
BWIN,STOCK,41,-20.63253012048193,54.938323082503345,31.62,844015.7804878049
CELH,STOCK,41,34.40577806959947,54.88830828168495,61.41,6270921.756097561
BTU,STOCK,41,15.724137931034491,54.58551202796307,16.78,4996275.12195122
CBRL,STOCK,41,-16.40696608615948,54.134745690343664,54.72,1259216.7073170731
ALVO,STOCK,41,-11.862527716186246,54.10248729319077,7.95,416336.85365853657
ACVA,STOCK,41,-27.82608695652175,53.567100873098674,11.62,2350569.536585366
ARDT,STOCK,41,-4.736842105263164,53.5636392654016,12.67,433834.34146341466
ARCB,STOCK,41,-8.026249369005553,53.558776646328596,72.88,360245.1219512195
CAR,STOCK,41,-11.194358748347302,53.5318150606263,161.2,1108361.975609756
BELFB,STOCK,41,36.96988012491186,53.36799728270264,135.97,157589.63414634147
AAP,STOCK,41,9.867207672445595,53.1711823180825,59.57,2307501.43902439
ARQT,STOCK,41,14.413741598207617,52.519640408108316,15.32,1628345.3902439023
ANIP,STOCK,41,44.96995840394392,52.2029746430457,94.1,533325.6585365854
ARKO,STOCK,41,11.479028697571735,51.72760536661095,5.05,427869.65853658534
ATI,STOCK,41,-10.517300445357993,51.71413021454363,78.36,1976515.0487804879
AGX,STOCK,41,6.964200477326971,51.67604389712916,224.09,382282.51219512196
AMN,STOCK,41,-3.438530381535565,51.63868588698689,20.5,935862.243902439
CALM,STOCK,41,14.679715302491111,51.324528894444676,116.01,888062.5609756098
ARDX,STOCK,41,47.126436781609215,51.142829823348436,6.4,4209197.8292682925
CAL,STOCK,41,11.61387631975868,51.046321014851216,14.8,678436.0731707317
BWXT,STOCK,41,11.294248556923298,50.95836064890973,160.03,1189288.4390243902
ANET,STOCK,41,33.901645806642364,50.83224660311121,135.87,8917506.146341464
BZH,STOCK,41,7.207596029348287,50.56177567031291,24.84,355939.26829268294
ATLC,STOCK,41,15.293708724365665,50.36149471503798,66.34,59005.68292682927
AMPL,STOCK,41,-15.342250196695522,50.31956607544144,10.76,1572690.5853658537
AOSL,STOCK,41,6.360557019194585,50.09448116322757,28.26,221321.17073170733
ALHC,STOCK,41,26.636225266362253,49.670529000184935,16.64,3361476.6829268294
BEAM,STOCK,41,-14.963503649635044,49.37847941839425,16.31,2432014.0975609757
AAUC,STOCK,41,0.9252669039145835,49.367455035684436,14.18,128247.14634146342
AVDL,STOCK,41,68.503937007874,49.13103591254809,14.98,1208096.6585365853
BMI,STOCK,41,-24.449918583775208,49.121511655817365,180.95,391026.39024390245
CARS,STOCK,41,5.289256198347112,49.108451644277785,12.74,816529.2926829269
ALK,STOCK,41,23.769033023531744,49.0785913640298,62.59,2525510.951219512
AURA,STOCK,41,2.4350649350649265,48.773641284202995,6.31,154397.24390243902
BLDR,STOCK,41,10.011212558065044,48.75880737392318,137.36,2124919.024390244
CCRD,STOCK,41,-8.248472505091648,48.757458274081344,27.03,91730.75609756098
ACLS,STOCK,41,12.191684284707529,48.52212928410984,79.6,501011.9512195122
BXC,STOCK,41,2.743637492240854,48.40185701283923,82.76,124576.34146341463
AS,STOCK,41,-0.7308796658835842,48.096698220230316,38.03,3884268.2682926827
AZ,STOCK,41,-8.542713567839193,48.06304531805975,9.1,227034.0487804878
BLFS,STOCK,41,16.185236130215504,47.96318849021699,25.34,506014.1951219512
CENTA,STOCK,41,6.244057052297947,47.92039355992664,33.52,414093.8292682927
BHFAO,STOCK,41,-4.058272632674285,47.67699266338329,18.44,113094.53658536586
ATRC,STOCK,41,15.060240963855422,47.52987474388154,36.29,550008.4146341464
CCS,STOCK,41,10.211086322292767,47.27719569969919,64.22,350109.26829268294
AHCO,STOCK,41,-1.0810810810810774,47.211845434397105,9.15,1089657.2926829269
AVNS,STOCK,41,1.0989010989011057,47.02661083107307,11.96,641130.4146341464
ACEL,STOCK,41,-5.7071960297766715,46.67088475143989,11.4,362794.73170731706
ALDX,STOCK,41,32.18390804597702,46.631958747942946,5.75,1017473.9268292683
BC,STOCK,41,9.109659676864897,46.617325586251475,63.48,894425.5365853659
AMCX,STOCK,41,21.17647058823529,46.59727278293626,7.21,612829.4146341464
ANF,STOCK,41,3.548096418112194,46.597245158055706,91.93,2058101.8048780488
CENT,STOCK,41,3.7401574803149553,46.25027660706591,36.89,67961.19512195123
ASO,STOCK,41,3.556485355648542,46.240999571075456,49.5,1496235.0731707318
ARMN,STOCK,41,22.20670391061452,46.12666982033563,8.75,1453942.0731707318
ASGN,STOCK,41,8.494753833736885,46.11255831869519,53.77,595099.512195122
AU,STOCK,41,21.301898602128105,46.062426834469285,58.14,2720898.6097560977
ASAN,STOCK,41,-2.4526979677645384,45.944317432524315,13.92,3512703.2926829266
AIR,STOCK,41,8.172804532577919,45.89017863571237,76.37,437042.48780487804
APGE,STOCK,41,-3.5168195718654496,45.864005197341285,37.86,833087.3414634146
BRZE,STOCK,41,-4.855735397607328,45.8324487920089,27.04,1258116.5609756098
CEVA,STOCK,41,-0.6824385805277622,45.830359801246566,21.83,260231.41463414635
ALNY,STOCK,41,37.90762965476815,45.20237871537446,447.0,1152339.9512195121
ASIC,STOCK,41,2.581834946980169,45.10234179788792,22.25,102257.87804878049
AGIO,STOCK,41,11.474013064470318,44.988098062262914,39.25,837348.1707317074
CAMT,STOCK,41,-11.84269662921349,44.821091570684544,78.46,362678.9024390244
CENX,STOCK,41,18.072945019052806,44.672732251539124,21.69,1539610.1463414633
ABEO,STOCK,41,19.130434782608692,44.56013886386125,6.85,692399.8780487805
ABL,STOCK,41,31.028037383177576,44.312077986961725,7.01,651228.9024390244
APPN,STOCK,41,-1.6666666666666652,44.303188104782045,30.68,997368.0487804879
ANAB,STOCK,41,-12.110874200426439,43.89630807593037,20.61,482172.6341463415
AA,STOCK,41,3.790674270379076,43.632827449361386,30.94,5757880.560975609
BBIO,STOCK,41,14.942528735632186,43.592279177096025,50.0,2679486.9024390243
ALX,STOCK,41,-2.027230167933685,43.498595596459104,228.11,51791.73170731707
ADPT,STOCK,41,9.369676320272568,43.24894984553595,12.84,1935028.268292683
APEI,STOCK,41,3.037383177570094,43.17258263572044,30.87,281913.1707317073
AVBP,STOCK,41,-1.6360932077342678,43.07856820954379,19.84,267819.1219512195
ADMA,STOCK,41,-3.8031319910514525,43.05395327305665,17.2,2938897.3414634145
BKV,STOCK,41,4.825737265415558,43.0415663910231,23.46,334920.46341463417
BHFAN,STOCK,41,-1.13107119095143,42.92468949223993,14.86,188914.0
AMAT,STOCK,41,-17.407485061327186,42.81867058873805,157.57,7247750.585365853
ANGO,STOCK,41,13.819368879216556,42.184524273041845,10.46,599654.7804878049
ADEA,STOCK,41,3.6882393876130912,42.08483075201498,14.9,526335.268292683
CEPU,STOCK,41,-8.606921029281269,42.078237391264146,10.3,244890.92682926828
AVAV,STOCK,41,-0.2990778433164405,41.88462040281568,240.02,1227291.219512195
ALNT,STOCK,41,19.319081551860652,41.75753539526262,45.21,186625.0487804878
CGAU,STOCK,41,14.789687924016292,41.69019914970558,8.46,1265201.9512195121
BALY,STOCK,41,-11.161116111611163,41.55177717848574,9.87,56717.19512195122
BCC,STOCK,41,-4.63590883824347,41.28467717225726,85.78,372762.9512195122
AGCO,STOCK,41,-1.6764922623434115,41.25550331292053,106.74,814753.243902439
CART,STOCK,41,-10.214943705220065,41.240098578862266,43.86,4639556.926829268
ASUR,STOCK,41,-23.262279888785915,41.23366288371426,8.28,102236.31707317074
AESI,STOCK,41,-16.395864106351542,41.22190618745718,11.32,1402403.1219512196
BHFAM,STOCK,41,1.1380880121396082,41.19565773915455,13.33,76854.09756097561
ACA,STOCK,41,8.009844501622101,41.083693471073964,96.55,298605.4146341463
BLKB,STOCK,41,0.8121360711002162,40.82809172162562,65.79,308953.8780487805
ASTE,STOCK,41,11.657844080846964,40.58258450109519,46.405,195938.9024390244
BBWI,STOCK,41,-9.8780487804878,40.40855783166439,29.56,5271838.0
AAMI,STOCK,41,32.91205897840969,39.93638173137355,50.48,258471.0975609756
ALGM,STOCK,41,-13.841807909604517,39.774688547812374,30.5,1853072.3902439023
APA,STOCK,41,22.82328696548171,39.76306535111442,23.84,6765750.12195122
BBCP,STOCK,41,6.279434850863414,39.63564007689801,6.77,86312.51219512195
AOUT,STOCK,41,-3.0710172744721715,39.62142023191194,10.1,67250.9756097561
AII,STOCK,41,12.606959498003405,39.620534945670066,19.74,83762.0243902439
AVNW,STOCK,41,-7.853618421052633,39.553438909024344,22.41,94816.17073170732
BKD,STOCK,41,15.246636771300443,39.489414954320864,7.71,2788911.1951219514
BCO,STOCK,41,19.93861784315801,39.45046890788428,113.33,299320.9756097561
AR,STOCK,41,-12.344678552133981,39.448843423526036,32.45,5237324.707317073
ABG,STOCK,41,-0.3892427459306476,39.330803632572355,253.35,194478.82926829267
ASIX,STOCK,41,-14.034369885433714,38.95503962125076,21.01,239932.92682926828
BTSG,STOCK,41,8.545454545454541,38.92456848758041,23.88,2175296.56097561
AKRO,STOCK,41,-11.801242236024855,38.52327382108995,45.44,950840.1951219512
CARR,STOCK,41,-14.924973204715972,38.42326836448157,63.5,5034195.8292682925
ALKS,STOCK,41,0.5815942524803221,38.20866323088375,29.4,1766263.536585366
AGYS,STOCK,41,-5.970801643500304,38.14425886495882,107.56,227891.0243902439
ADSK,STOCK,41,1.2210205829184049,38.049244492595015,319.16,1771035.6585365853
ARCO,STOCK,41,-9.765625,37.97609217286708,6.93,1451207.9268292682
AMRK,STOCK,41,4.571682201509088,37.96671895670609,23.56,183519.21951219512
AVNT,STOCK,41,10.497737556561098,37.787521945191955,36.63,734078.0975609756
BCRX,STOCK,41,-5.365296803652975,37.61082805821027,8.29,3024159.975609756
BLD,STOCK,41,21.481567691815297,37.588755071960875,417.52,418802.0
BBUC,STOCK,41,6.341618865519434,37.47536384716686,33.37,95927.34146341463
CCB,STOCK,41,11.758951281549596,37.42307768407551,114.24,132670.51219512196
ATEX,STOCK,41,-7.318070318887977,37.260795293423485,22.67,204725.0243902439
CBT,STOCK,41,5.813801230849807,37.25344672745845,80.81,377001.68292682926
AEIS,STOCK,41,6.500256203791813,37.23410516915337,145.49,418345.60975609755
CAC,STOCK,41,-6.181733674180812,36.976009381002434,40.37,74239.24390243902
ARLO,STOCK,41,7.425149700598814,36.89034012655043,17.94,1467627.268292683
CCJ,STOCK,41,0.30589174092300037,36.56369203623309,75.42,4494285.634146341
BWMN,STOCK,41,42.16582064297799,36.52524634120732,42.01,160264.21951219512
CACC,STOCK,41,-3.727793965598278,36.457990387100345,512.12,109142.19512195123
BFH,STOCK,41,9.900990099009887,36.406528168852745,65.49,625685.6097560975
BWLP,STOCK,41,21.3206046141607,36.257841346976825,15.25,363035.5853658537
AGI,STOCK,41,15.404040404040403,36.18098704360177,31.99,3445898.1707317075
BKR,STOCK,41,16.039907904834987,36.089693217119304,45.36,6944712.146341464
BCBP,STOCK,41,-4.580152671755725,35.80636278681706,8.75,68399.65853658537
AUGO,STOCK,34,25.484536082474225,35.78680193742082,30.43,256225.9411764706
AXSM,STOCK,41,14.85581395348837,35.739423400179426,123.47,626847.3658536585
BDC,STOCK,41,5.87005602475123,35.493086430037444,126.61,316430.0
CAAP,STOCK,41,2.8654686741136466,35.46666522154819,21.18,124976.82926829268
BHF,STOCK,41,-8.954635108481273,35.27877625052951,46.16,780146.487804878
AMAL,STOCK,41,-14.000604777744178,35.26534143235622,28.44,174374.8536585366
ALC,STOCK,41,-9.827188940092167,35.26319229194271,78.27,2055170.268292683
ARW,STOCK,41,-5.0917748252822435,35.1337412606924,123.58,469660.0243902439
APTV,STOCK,41,8.829654310703873,35.03962500779279,78.39,2567808.926829268
ADUS,STOCK,41,4.565178087145179,34.969971484523384,115.67,163603.39024390245
BFAM,STOCK,41,-1.134425110883656,34.87623893004392,115.91,606047.2195121951
CCRN,STOCK,41,4.235294117647053,34.763719652956496,13.29,255617.8536585366
BIIB,STOCK,41,7.300391915776531,34.464869557781576,139.63,1425013.9512195121
AIZ,STOCK,41,12.02359820403049,34.34876408826428,214.57,424683.7804878049
CARG,STOCK,41,4.381752701080434,34.07987180740838,34.78,1006524.9268292683
BOOT,STOCK,41,11.858047850421304,34.070593360516845,181.87,636303.9512195121
ADNT,STOCK,41,11.136363636363633,34.052126601868984,24.45,1182600.3170731708
ATEN,STOCK,41,-12.908086388749373,33.73633253080096,17.34,828270.487804878
AGM,STOCK,41,4.094686476957943,33.640263574361015,206.68,82171.0243902439
