date,open,high,low,close,volume,rsi_14
2020-08-28,494.0,496.8,476.9,479.9,37931.0,
2020-08-31,478.0,510.199,475.4,509.7,58819.4,
2020-09-01,510.2,526.5,505.804,513.1,54803.6,
2020-09-02,510.2,540.863,510.2,539.7,151438.4,
2020-09-03,545.1,554.9,519.04,548.85,87669.8,
2020-09-04,538.6,569.6,526.9,548.2,89133.5,
2020-09-08,576.1,620.2,570.3,613.5,52330.0,
2020-09-09,593.7,618.0,589.242,598.6,28381.8,
2020-09-10,602.4,667.2,598.1,667.2,48120.5,
2020-09-11,659.3,680.9,650.5,663.4,32543.5,
2020-09-14,656.2,666.4,623.4,637.5,31212.300000000003,
2020-09-15,619.1,646.3,615.4,642.5,16341.0,
2020-09-16,625.1,639.332,554.5,580.0,46736.5,
2020-09-17,605.0,613.0,577.094,577.094,31055.3,
2020-09-18,575.8,594.0,565.256,578.6,22343.0,65.4212967013737
2020-09-21,614.3,645.85,610.7,623.8,43192.700000000004,69.9866220345023
2020-09-22,622.8,635.4,596.2,631.1,19687.7,70.66035377773952
2020-09-23,624.1,699.0,615.3,698.9,27803.4,76.03996709165143
2020-09-24,702.0,735.0,654.06,687.9,40434.3,73.67953906891819
2020-09-25,703.4,724.61,693.625,704.9,22955.4,74.97256179754805
2020-09-28,675.1,693.0,640.955,657.6,26619.7,65.35261749159932
2020-09-29,666.5,724.9,664.9,698.601,28904.6,69.05878894687059
2020-09-30,696.6,719.1,679.2,710.4,22884.8,70.051594541198
2020-10-01,728.5,766.0,720.4,758.0,36456.5,73.71571327693016
2020-10-02,812.0,814.9,707.15,722.2,48589.7,67.06939714989744
2020-10-05,693.2,705.5,655.5,655.5,43240.5,56.79495657466286
2020-10-06,634.4,691.585,616.181,689.0,53987.1,60.100935997120494
2020-10-07,674.1,683.299,645.0,648.9,33050.2,54.70488485339234
2020-10-08,637.2,648.0,592.1,592.1,33870.6,48.115185077773624
2020-10-09,582.2,620.9,573.4,611.9,41923.100000000006,50.35996187555341
2020-10-12,617.0,636.6,602.6,607.0,26015.0,49.78590506639618
2020-10-13,610.6,637.799,599.5,636.7,29204.1,53.26343832081094
2020-10-14,630.2,631.2,585.8,631.0,46492.4,52.51180557314464
2020-10-15,656.1,665.0,603.6,603.6,32592.4,48.936832756474764
2020-10-16,607.2,644.3,607.2,643.3,26582.100000000002,53.840301214104095
2020-10-19,634.2,670.2,628.4,668.8,21857.6,56.715465998432684
2020-10-20,661.8,673.176,623.3,640.1,28580.9,52.73422266396059
2020-10-21,645.1,671.8,633.7,671.2,35498.6,56.31298429252706
2020-10-22,666.6,673.003,597.9,600.2,49228.0,47.47533697024943
2020-10-23,597.5,610.9,580.0,596.2,47457.5,47.02755474844902
2020-10-26,620.0,670.2,617.5,659.6,51130.200000000004,54.37324080609612
2020-10-27,653.7,681.6,653.7,675.4,32681.8,56.01037803589146
2020-10-28,725.0,752.9,709.0,750.5,52975.1,62.83617548060845
2020-10-29,780.2,799.39,708.8,712.6,40157.6,57.94925803291901
2020-10-30,728.7,755.0,708.2,715.0,40369.7,58.171107474674365
2020-11-02,700.8,742.709,640.2,661.9,56634.0,51.67526675875699
2020-11-03,630.6,683.8,622.0,670.601,44844.2,52.60912739874245
2020-11-04,663.9,710.7,643.9,675.5,29225.9,53.15799929765994
2020-11-05,675.8,681.0,633.5,668.6,26137.0,52.240283618306506
2020-11-06,671.3,713.4,652.2,710.9,33741.4,57.12682045894312
2020-11-09,555.8,555.8,445.601,477.101,164501.4,35.50426777650213
2020-11-10,474.1,490.2,448.6,448.8,110023.0,33.834813557115154
2020-11-11,435.7,463.9,434.1,456.0,92967.7,34.67636313802694
2020-11-12,469.0,500.572,453.5,492.0,110946.8,38.863394165297414
2020-11-13,483.2,483.6,432.8,438.064,140816.4,35.22091272713811
2020-11-16,398.5,419.5,385.375,388.7,129587.20000000001,32.242394894816286
2020-11-17,401.6,411.0,375.7,376.001,147011.4,31.504298182985963
2020-11-18,368.3,392.5,354.1,392.2,199066.3,33.59265852615414
2020-11-19,396.7,406.0,370.8,372.3,177400.4,32.29020431258702
2020-11-20,376.7,385.6,369.3,380.7,117814.7,33.462919962428415
2020-11-23,367.3,367.564,311.0,311.6,273599.2,29.011533082589253
2020-11-24,291.7,295.048,276.0,280.45,256933.5,27.251630283299747
2020-11-25,286.4,298.7,281.8,288.5,226022.1,28.459424498135178
2020-11-27,292.2,302.4,286.945,296.7,138100.8,29.739060030218823
2020-11-30,303.6,337.4,301.924,336.4,224208.5,35.73263185676839
2020-12-01,316.2,341.274,310.0,339.7,142298.7,36.2196740756574
2020-12-02,344.2,345.9,299.085,316.401,214122.8,34.246350019959465
2020-12-03,313.4,324.6,297.2,308.3,208518.6,33.56167646661417
2020-12-04,296.4,296.4,256.8,256.8,389012.8,29.521003858990625
2020-12-07,265.2,277.207,261.6,273.818,241263.9,32.41658745641912
2020-12-08,279.1,280.0,257.2,265.3,308361.0,31.71425187814377
2020-12-09,257.0,271.1,245.2,260.9,467328.1,31.336567928875198
2020-12-10,261.1,261.1,228.6,231.8,363671.6,28.88641756080071
2020-12-11,235.0,248.9,234.55,240.612,255523.5,30.654592361963367
2020-12-14,230.4,261.5,229.1,260.7,293144.7,34.64397042211117
2020-12-15,253.1,264.6,247.6,248.55,219104.90000000002,33.39266637410168
2020-12-16,247.5,257.8,246.041,255.9,176367.6,34.923937875749544
2020-12-17,250.0,261.3,249.009,255.0,138317.1,34.8183829262471
2020-12-18,254.9,267.1,251.7,262.1,121546.09999999999,36.4501949930204
2020-12-21,286.8,291.69,266.25,271.498,183412.30000000002,38.639935209212865
2020-12-22,272.5,281.5,267.873,280.6,138082.6,40.76864337379838
2020-12-23,272.9,273.78,247.294,254.9,225191.2,36.87834659532187
2020-12-24,254.3,267.6,254.3,262.8,102384.1,38.811235137326285
2020-12-28,258.9,273.4,255.9,272.1,105927.9,41.09788604321443
2020-12-29,265.9,280.398,264.3,277.2,125779.4,42.369778468199875
2020-12-30,277.2,278.2,256.4,258.1,149853.8,38.97541660209469
2020-12-31,262.3,266.8,258.6,265.5,171013.9,40.94924959148847
2021-01-04,258.0,269.8,249.8,260.9,163970.1,40.08137106232707
2021-01-05,256.2,256.2,212.5,227.4,440759.9,34.36860364509646
2021-01-06,220.9,225.9,205.6,209.8,341745.8,31.803901593433807
2021-01-07,205.8,209.5,195.801,201.4,265622.7,30.629110311006187
2021-01-08,197.3,210.6,197.3,207.65,281050.89999999997,32.62334013207358
2021-01-11,218.0,221.69,198.2,198.9,240114.80000000002,31.26811226450768
2021-01-12,194.0,194.0,175.697,176.321,398602.9,28.032028468376495
2021-01-13,177.9,185.2,177.101,182.801,259267.5,30.262712871338564
2021-01-14,179.7,180.1,166.2,170.3,414001.60000000003,28.431839690104837
2021-01-15,176.1,186.5,174.801,181.9,285777.60000000003,32.51197921958895
2021-01-19,174.8,180.0,171.2,175.129,180757.7,31.3871500930761
2021-01-20,172.5,181.478,170.4,177.4,178107.9,32.23399529305796
2021-01-21,179.0,195.6,175.749,189.5,228832.6,36.715740800167275
2021-01-22,199.5,203.5,187.31,187.622,219024.19999999998,36.314312453124316
2021-01-25,191.7,198.5,185.4,188.9,241286.6,36.82054673792261
2021-01-26,185.0,198.6,177.95,198.6,172578.1,40.67508533413543
2021-01-27,206.7,210.3,182.5,193.957,324900.39999999997,39.434893574842505
2021-01-28,188.0,202.4,183.5,194.35,189526.4,39.6027569817694
2021-01-29,196.6,210.6,187.7,208.4,247457.50000000003,45.426277185246626
2021-02-01,197.795,209.5,194.7,199.935,154431.2,42.75168813756611
2021-02-02,188.6,198.0,185.4,197.7,162147.3,42.0477604733196
2021-02-03,194.8,195.4,175.1,176.3,325352.8,35.9449056122902
2021-02-04,175.1,182.6,173.495,175.016,198946.5,35.61093406317964
2021-02-05,168.8,175.7,168.0,174.101,191241.6,35.3588121788235
2021-02-08,168.5,168.5,150.2,151.65,362803.10000000003,29.78638656535614
2021-02-09,154.5,159.1,152.128,156.807,233101.1,32.42092757911152
2021-02-10,154.8,158.2,147.5,149.5,324385.0,30.665203939487526
2021-02-11,150.0,161.2,149.2,155.0,301590.1,33.580833902999544
2021-02-12,158.3,158.9,145.9,146.1,283087.4,31.28800801318907
2021-02-16,137.1,141.2,132.4,136.1,354352.9,28.90032330373394
2021-02-17,135.5,139.7,131.322,133.4,276977.3,28.272960454524465
2021-02-18,136.3,145.0,135.501,144.901,298515.6,34.768700673392615
2021-02-19,142.3,143.3,135.9,137.2,206345.2,32.63734113891884
2021-02-22,135.6,136.299,121.5,128.8,516163.7,30.44503321684543
2021-02-23,128.5,142.0,122.15,123.4,465777.8,29.092145688591145
2021-02-24,122.6,124.4,111.35,113.6,580061.3,26.76743458363191
2021-02-25,112.5,121.9,111.8,120.201,471653.5,30.77974715207459
2021-02-26,124.0,135.0,120.7,126.0,543083.6,34.1909249486589
2021-03-01,119.4,122.7,116.5,118.2,323554.5,31.912874798968772
2021-03-02,118.6,120.6,114.0,120.5,258707.1,33.32360021077271
2021-03-03,118.0,118.0,108.8,115.5,400597.0,31.78195326030493
2021-03-04,114.1,115.4,103.2,108.199,563768.9,29.626630564436013
2021-03-05,101.0,102.294,99.1,99.6,46727.6,27.28009132376664
2021-09-03,83.5,85.2,81.601,83.75,337189.5,23.573788186548413
2021-09-07,85.3,85.6,81.3,84.3,451790.5,23.959849418240182
2021-09-08,82.5,86.8,81.099,86.299,376472.2,25.434158596088082
2021-09-09,87.5,88.4,81.2,84.0,524375.5,24.837716715501486
2021-09-10,81.0,85.4,80.6,85.387,374959.9,25.965708287787592
2021-09-13,82.4,82.45,77.501,78.35,712592.1000000001,23.997933009147374
2021-09-14,76.3,83.3,76.0,82.3,459603.1,27.327147392203287
2021-09-15,78.7,78.7,72.3,72.55,912159.3,24.47700334976807
2021-09-16,73.0,75.999,73.0,74.5,484196.9,26.136278369144662
2021-09-17,75.1,76.4,72.8,75.7,422184.80000000005,27.196322140217973
2021-09-20,81.2,84.0,78.5,81.5,601649.9,32.2567807226925
2021-09-21,78.9,84.2,77.676,80.852,424525.3,31.989250826963257
2021-09-22,77.2,77.5,72.6,74.8,752941.1,29.526230997476347
2021-09-23,73.5,74.85,67.9,68.25,643800.4,27.09472343079804
2021-09-24,69.8,70.0,66.3,67.501,465732.2,26.822706825693217
2021-09-27,63.9,64.1,57.3,57.65,1092612.3,23.483409902502274
2021-09-28,56.3,59.6,56.0,59.317,910334.5,25.180890938275653
2021-09-29,59.8,61.8,59.1,59.7,652535.5,25.589334794446188
2021-09-30,60.1,62.3,58.6,60.103,993339.7000000001,26.046810148870605
2021-10-01,59.7,59.7,56.3,56.9,635107.9,24.74468985939953
2021-10-04,55.3,55.75,53.0,54.15,550519.1,23.651451651455545
2021-10-05,52.3,55.899,50.9,53.4,831746.4,23.34847816919627
2021-10-06,55.9,58.3,54.3,55.75,803075.0,26.524480164946453
2021-10-07,55.0,56.2,52.1,52.7,709777.0,25.07245701394534
2021-10-08,51.5,51.7,49.1,50.0,970597.3,23.828863094600536
2021-10-11,48.1,50.6,47.3,50.45,599310.9,24.500997828917477
2021-10-12,50.75,52.05,48.9,50.8,605079.4,25.05492062617344
2021-10-13,51.6,54.1,50.8,51.2,630775.5,25.725613559948258
2021-10-14,49.1,50.8,48.7,49.7,407346.2,24.828301372816583
2021-10-15,48.4,50.3,47.5,50.3,420938.5,25.94105752908301
2021-10-18,49.0,50.7,46.8,49.7,856635.2999999999,25.534006100845517
2021-10-19,49.3,50.291,48.0,48.8,714688.2,24.902779387645154
2021-10-20,50.0,50.5,47.4,47.65,624075.3,24.083510946570513
2021-10-21,48.3,50.6,47.7,49.8,725574.2000000001,28.799642202708384
2021-10-22,49.2,50.8,47.8,47.899,570446.4,27.191196420751254
2021-10-25,46.3,46.5,44.084,45.1,1081171.8,24.97911154611863
2021-10-26,44.7,45.9,44.221,45.2,780465.8,25.213200113775528
2021-10-27,46.68,49.399,45.5,49.05,870771.5,33.78024397530825
2021-10-28,49.1,49.9,47.6,47.9,718100.4,32.57970841783276
2021-10-29,47.6,50.2,47.2,48.55,713019.2000000001,34.00731404176062
2021-11-01,47.18,47.18,45.05,45.5,860627.4,30.720213284793346
2021-11-02,46.2,47.2,44.8,46.5,593023.5,33.0066400133511
2021-11-03,47.9,48.4,45.532,47.5,990190.8999999999,35.305961473049805
2021-11-04,45.6,49.1,44.6,48.0,967352.7,36.47986931369025
2021-11-05,46.7,47.4,45.0,45.3,794876.1,32.99783076659641
2021-11-08,44.4,44.4,42.7,43.9,1043313.0,31.328038448483582
2021-11-09,44.1,46.4,43.6,44.0,853180.4,31.594310717402934
2021-11-10,44.8,49.1,44.6,48.152,964791.1,41.70180735181885
2021-11-11,47.6,47.7,45.4,46.6,898053.8,39.360639339888806
2021-11-12,47.4,47.8,46.35,46.884,534368.2,40.02417647053549
2021-11-15,47.0,48.5,45.201,46.3,615246.6,39.07725522962281
2021-11-16,46.0,47.7,45.8,46.7,548591.1,40.122190020447185
2021-11-17,47.6,50.6,46.6,50.1,779726.8,48.24757652687026
2021-11-18,49.8,51.983,48.2,49.9,810216.2999999999,47.836358640913964
2021-11-19,52.8,55.4,52.1,54.9,889693.5,57.57216733983394
2021-11-22,54.9,54.9,50.4,53.05,846436.7,53.58697078347603
2021-11-23,51.0,51.399,48.4,48.8,1087438.1,45.75181894349222
2021-11-24,49.8,49.9,46.9,47.4,697292.2,43.49571811923038
2021-11-26,54.0,56.681,53.6,53.9,1264640.4,54.67178022533487
2021-11-29,50.2,53.9,48.9,52.25,799217.7,51.86727563840323
2021-11-30,55.2,57.4,53.5,55.2,1336014.4,56.19390991087561
2021-12-01,51.4,59.5,51.108,59.5,1301544.8,61.61079894421497
2021-12-02,60.5,62.2,54.7,55.55,1074041.7,54.8954977312182
2021-12-03,53.3,58.6,52.3,57.2,1163020.6,57.00369535892868
2021-12-06,55.5,58.1,52.2,53.7,1122883.9,51.504428651585584
2021-12-07,51.0,51.266,47.7,49.306,941262.7,45.56179098347086
2021-12-08,48.8,49.8,48.2,49.2,745254.7999999999,45.425625794644006
2021-12-09,50.2,51.278,49.702,50.9,830000.1,48.10432653107145
2021-12-10,49.2,52.9,49.02,49.7,692903.8,46.3740041039809
2021-12-13,51.0,54.3,50.799,54.25,697579.9,53.2417743027309
2021-12-14,55.54,56.5,53.3,56.1,846210.9,55.724608992410616
2021-12-15,56.4,60.3,54.9,55.65,1047400.2,54.96013443389025
2021-12-16,53.9,56.9,52.0,56.701,896113.1,56.46242897304375
2021-12-17,57.65,60.199,56.216,58.1,811959.0,58.449153095791964
2021-12-20,62.1,64.4,60.6,60.85,898397.9,62.10935490243396
2021-12-21,58.5,59.1,54.7,54.95,1049593.8,51.60597367904445
2021-12-22,55.1,56.8,53.2,54.4,623317.5,50.744471841706364
2021-12-23,53.7,54.897,53.0,54.7,478572.60000000003,51.22278952816852
2021-12-27,54.4,56.45,50.25,50.3,808330.9,44.41090621683681
2021-12-28,50.0,51.7,48.9,51.3,565994.1,46.163232428214094
2021-12-29,51.3,52.45,50.1,51.6,700159.4,46.70599471273623
2021-12-30,51.2,53.6,50.5,53.402,536748.0,49.96879056914369
2021-12-31,53.9,54.37,53.0,53.9,349522.1,50.86409298858822
2022-01-03,53.5,53.5,48.7,48.7,764448.0,42.34342857190171
2022-01-04,47.8,47.8,44.2,44.5,1142825.0,36.95820587995984
2022-01-05,43.55,47.4,42.8,47.2,976747.3999999999,42.059701653906146
2022-01-06,44.6,46.499,43.2,44.35,727302.6,38.51660689729966
2022-01-07,44.1,45.45,43.45,44.3,573019.5,38.45540233918685
2022-01-10,44.7,46.7,43.969,44.8,765098.1,39.4908812469123
2022-01-11,43.8,45.249,40.4,40.9,1120903.6,34.60079337596349
2022-01-12,40.3,41.301,39.5,40.005,776300.4,33.573350617517804
2022-01-13,40.5,41.97,39.4,41.55,1022603.7000000001,37.04845689217128
2022-01-14,41.8,41.8,38.9,38.95,1063882.6,33.8400712771532
2022-01-18,38.4,41.1,37.64,40.35,1037351.2000000001,37.00359831932747
2022-01-19,39.4,42.299,39.2,41.2,827588.4,38.91344169676282
2022-01-20,42.2,44.1,39.8,43.9,1088763.2,44.65332504596892
2022-01-21,45.2,48.1,44.6,47.209,1836306.7,50.75985408738612
2022-01-24,50.2,52.491,45.0,45.4,1677647.7,47.66373640970188
2022-01-25,46.6,48.4,41.2,41.901,1226957.9,42.290565602232626
2022-01-26,40.1,44.25,39.104,43.0,1469067.4,44.41027122027339
2022-01-27,40.9,45.15,39.8,43.0,1395130.5999999999,44.41027122027339
2022-01-28,42.4,44.894,41.2,42.1,1212153.2,42.91322879263529
2022-01-31,42.2,44.25,40.7,41.65,1084460.5,42.14818854175937
2022-02-01,42.3,42.85,37.7,38.15,1564001.8,36.67211507712112
2022-02-02,37.9,39.8,37.5,37.7,1293586.6,36.02405964177694
2022-02-03,38.6,39.975,37.801,38.8,1371330.8,38.86793225629088
2022-02-04,37.9,38.2,35.2,37.45,1438588.5,36.711098801340704
2022-02-07,38.0,39.2,36.804,37.9,1143774.2,37.947188720756486
2022-02-08,38.3,40.65,38.1,40.0,386584.5,43.49359467851494
2022-09-06,15.42,16.31,15.3,16.17,4006153.0,20.7875139768732
2022-09-07,16.94,17.32,16.4,16.73,4340341.0,21.82041545850214
2022-09-08,16.5,16.7904,16.14,16.34,3141219.0,21.6090846131317
2022-09-09,15.59,15.888,15.22,15.445,2853505.0,21.10395044588489
2022-09-12,14.94,15.4098,14.65,15.02,2080955.0,20.854649544196477
2022-09-13,15.5,15.97,14.96,15.86,3261388.0,22.79587350774581
2022-09-14,15.38,15.405,14.3197,14.725,3900762.0,22.01031636624853
2022-09-15,15.35,15.91,15.2,15.76,3278338.0,24.563216788697687
2022-09-16,15.96,17.35,15.95,16.62,4056236.0,26.709980947752967
2022-09-19,17.75,17.78,16.5279,16.65,2689968.0,26.788249887479566
2022-09-20,16.89,17.66,16.78,17.13,3911708.0,28.111101441221095
2022-09-21,16.5,17.86,16.28,17.84,3299638.0,30.122370990676487
2022-09-22,17.28,18.49,16.94,18.48,3094799.0,31.970001888620303
2022-09-23,20.08,21.845,20.08,21.47,8132759.0,39.95751544743361
2022-09-26,21.8,22.91,21.01,22.82,3455888.0,43.20020365059991
2022-09-27,21.83,22.36,20.8,21.65,3072197.0,41.12714369896809
2022-09-28,21.02,21.49,18.58,18.8,3067490.0,36.52876496201871
2022-09-29,19.18,20.28,19.03,19.08,3062944.0,37.27083272740509
2022-09-30,19.6,19.85,18.46,19.07,2373519.0,37.25408070979532
2022-10-03,17.35,17.62,16.31,16.58,3114605.0,33.2469470650413
2022-10-04,15.66,15.97,14.8,14.83,2645228.0,30.74404227410284
2022-10-05,14.95,15.5599,14.08,14.32,4488280.0,30.0344177985764
2022-10-06,14.55,14.58,13.73,13.9,3930501.0,29.43192741555606
2022-10-07,13.9,14.48,13.46,14.25,5453289.0,30.6798674663424
2022-10-10,14.19,15.05,13.8064,14.77,4990516.0,32.587291397114726
2022-10-11,15.43,15.765,14.55,15.167,4795993.0,34.0786624181906
2022-10-12,15.37,15.808,14.58,14.835,3430177.0,33.41294346887044
2022-10-13,15.37,15.44,13.55,13.72,6113435.0,31.20800794932964
2022-10-14,14.07,15.17,13.66,15.15,5343691.0,36.95423679120077
2022-10-17,14.57,14.74,13.94,14.37,3461069.0,35.22581652754704
2022-10-18,14.1,14.71,13.73,14.11,5562996.0,34.64414423290833
2022-10-19,14.17,14.2852,13.25,13.39,4414101.0,33.01816828026972
2022-10-20,13.07,13.8,12.79,13.68,6271806.0,34.354575840829355
2022-10-21,13.46,13.9859,13.06,13.08,4076089.0,32.89234907086353
2022-10-24,13.12,13.363,12.81,13.0662,3159422.0,32.85770890707198
2022-10-25,13.15,13.4,12.815,12.85,2949743.0,32.28407517365768
2022-10-26,12.77,12.78,12.13,12.46,4066518.0,31.225078621124027
2022-10-27,12.15,12.705,11.8267,12.66,4167216.0,32.44881879036767
2022-10-28,12.45,13.4179,12.27,12.79,3386978.0,33.27984401494227
2022-10-31,13.04,13.04,12.1697,12.44,3741428.0,32.1336689672485
2022-11-01,11.93,12.35,11.93,12.1509,2968756.0,31.178479915696514
2022-11-02,12.15,12.84,11.915,12.79,4405014.0,35.726930402939985
2022-11-03,13.02,13.07,12.025,12.2,4286938.0,33.52418017781656
2022-11-04,11.56,12.2694,11.26,11.73,4464752.0,31.840056765583057
2022-11-07,11.52,11.53,10.9,11.0163,4046954.0,29.42290551612639
2022-11-08,11.06,11.5264,11.06,11.17,3814050.0,30.64402104305057
2022-11-09,11.59,12.72,11.575,12.68,7625859.0,41.375506572599214
2022-11-10,11.975,12.49,11.67,11.6799,4714836.0,37.26301438747059
2022-11-11,11.18,11.2722,10.7003,10.95,6214130.0,34.562932332452064
2022-11-14,11.1,11.3,10.66,11.2901,4703483.0,36.8587638314439
2022-11-15,11.12,11.34,10.685,10.7301,4909547.0,34.69996911201291
2022-11-16,10.98,11.4701,10.98,11.37,4542536.0,39.09000350211331
2022-11-17,11.7,11.93,11.39,11.4,3255309.0,39.29605003676036
2022-11-18,11.86,12.45,11.6,11.67,5209899.0,41.2231757676826
2022-11-21,12.17,13.005,12.0313,12.11,8311152.0,44.32506586640844
2022-11-22,11.81,11.81,11.125,11.15,4686503.0,39.43509350621449
2022-11-23,11.42,11.74,11.24,11.52,5481976.0,42.086941875272835
2022-11-25,11.4768,11.555,11.2,11.52,1852847.0,42.086941875272835
2022-11-28,12.18,12.42,11.95,12.3701,5421615.0,48.137790781111406
2022-11-29,12.04,12.285,11.74,12.06,4567447.0,46.239891969069326
2022-11-30,11.79,12.433,11.63,11.85,4883033.0,44.94749883936935
2022-12-01,11.6144,12.35,11.45,12.32,3964072.0,48.42209829024073
2022-12-02,12.5013,12.7019,12.2301,12.55,4632095.0,50.08243342870691
2022-12-05,12.33,13.88,12.14,13.7218,10554008.0,57.575493717019725
2022-12-06,13.96,14.75,13.5011,14.475,6902244.0,61.56878872231959
2022-12-07,14.41,15.03,14.115,14.73,5358588.0,62.84393175534339
2022-12-08,14.17,15.545,13.95,15.39,5747347.0,65.98934866503353
2022-12-09,15.34,16.0,15.05,15.98,4847871.0,68.55224408411215
2022-12-12,15.62,15.8844,14.62,14.74,4375807.0,58.56376662499894
2022-12-13,13.85,14.54,13.745,14.24,4228988.0,55.07882666529588
2022-12-14,14.09,14.7189,13.84,14.41,5009616.0,56.036726119023584
2022-12-15,14.74,14.97,14.2734,14.29,3821513.0,55.14285462629024
2022-12-16,15.04,15.39,14.71,14.815,4826503.0,58.27848688787796
2022-12-19,14.57,15.52,14.42,15.296,2726748.0,60.97038266578213
2022-12-20,15.35,15.47,14.77,14.96,3226358.0,58.14802503508625
2022-12-21,14.34,14.89,14.12,14.2,3485513.0,52.255711027722576
2022-12-22,14.29,15.746,14.23,15.1,5709578.0,57.71961934289383
2022-12-23,14.81,14.95,13.95,13.96,3210721.0,49.92574262348951
2022-12-27,13.79,14.09,13.68,13.7707,2473636.0,48.748616985404816
2022-12-28,13.94,15.08,13.9117,15.0,4572677.0,56.00318382332536
2022-12-29,15.24,15.25,14.24,14.35,2311416.0,51.82590957796741
2022-12-30,14.62,14.65,14.195,14.24,2322955.0,51.13084169017294
2023-01-03,14.62,16.17,14.34,15.83,11106127.0,59.57119005228237
2023-01-04,16.4,16.53,15.386,15.716,4592039.0,58.78721755335376
2023-01-05,15.9,16.1963,15.4199,15.6735,3200428.0,58.47823952035928
2023-01-06,15.26,15.4,14.72,15.0411,3957462.0,53.9356043129492
2023-01-09,14.34,14.8399,14.05,14.7406,4420397.0,51.87356488051626
2023-01-10,14.67,15.3399,14.575,14.66,3123681.0,51.30696950026943
2023-01-11,14.29,14.86,14.24,14.435,4081300.0,49.67578228452721
2023-01-12,14.16,14.22,13.34,13.59,5116512.0,44.016032707820926
2023-01-13,13.65,14.0202,13.38,13.455,3526205.0,43.169791451940306
2023-01-17,13.23,13.51,12.98,13.3208,2864654.0,42.299191192180565
2023-01-18,13.21,13.87,12.67,13.85,5050886.0,46.85101863863138
2023-01-19,13.96,14.0899,13.205,13.32,3373167.0,43.17734524368522
2023-01-20,13.2,13.5292,12.9027,12.96,3442645.0,40.83513020810952
2023-01-23,12.75,12.85,12.355,12.579,3314514.0,38.45742407565971
2023-01-24,12.66,12.99,12.62,12.86,3131647.0,41.177815575776734
2023-01-25,13.07,13.47,12.87,12.88,2664424.0,41.376441656871
2023-01-26,12.6,13.03,12.255,12.26,2775532.0,37.184602188825075
2023-01-27,12.24,12.64,12.06,12.61,3686460.0,40.828965801121726
2023-01-30,12.94,13.45,12.854,13.43,3999266.0,48.38451580762974
2023-01-31,13.42,13.62,12.965,13.02,3360197.0,45.27180064962905
2023-02-01,13.21,14.28,13.11,13.62,5260787.0,50.30977573154288
2023-02-02,13.62,14.41,13.5199,14.04,3846157.0,53.53426121283124
2023-02-03,14.01,14.23,13.315,14.19,3318028.0,54.66573043175921
2023-02-06,14.2,15.04,13.97,14.77,3516103.0,58.839355928032006
2023-02-07,14.53,14.81,13.54,13.57,3187823.0,48.82415769906881
2023-02-08,13.53,14.2099,13.39,13.91,3542486.0,51.35083281877291
2023-02-09,13.9,14.3814,13.82,14.36,2050056.0,54.54930937108623
2023-02-10,13.9338,13.9338,12.85,12.87,3751330.0,44.18962516590502
2023-02-13,13.08,13.3999,12.874,13.05,2926306.0,45.53530957268566
2023-02-14,13.31,13.43,12.835,13.23,1853541.0,46.91377168747037
2023-09-05,9.57,9.77,9.439,9.77,2080671.0,30.784855343040235
2023-09-06,9.79,9.96,9.6,9.77,1736278.0,30.784855343040235
2023-09-07,9.89,9.89,9.64,9.81,1573654.0,31.102441767075675
2023-09-08,9.7,9.7,9.4,9.565,1976978.0,30.188756138356666
2023-09-11,9.46,10.005,9.39,9.94,2303660.0,33.413097312105066
2023-09-12,9.75,9.7899,9.4301,9.4756,2357564.0,31.47436345243301
2023-09-13,9.43,9.8183,9.42,9.71,2262644.0,33.569531464600004
2023-09-14,9.48,9.6385,9.37,9.5997,1947622.0,33.05733543278821
2023-09-15,9.7,10.0075,9.669,9.94,2419435.0,36.28723135061307
2023-09-18,9.78,10.0471,9.71,9.935,1636209.0,36.259549146215164
2023-09-19,9.68,10.1699,9.62,10.08,2468641.0,37.7428149987699
2023-09-20,10.19,10.4,9.945,10.39,1990009.0,40.90877370017403
2023-09-21,10.24,10.675,10.16,10.635,2945442.0,43.36024171209671
2023-09-22,10.46,10.73,10.299,10.69,1916492.0,43.922676010882405
2023-09-25,10.75,10.75,10.3,10.3087,1308936.0,40.89110300974943
2023-09-26,10.53,10.5599,10.22,10.4,1416719.0,41.92471898810138
2023-09-27,10.1,10.16,9.6216,9.7799,2804140.0,37.170488187276206
2023-09-28,9.77,9.83,9.56,9.685,2032654.0,36.48853325979226
2023-09-29,9.67,10.11,9.67,10.04,2199160.0,40.85960984677576
2023-10-02,10.03,10.871,10.01,10.72,2562170.0,48.212031296346375
2023-10-03,10.86,11.08,10.73,10.8,1964358.0,49.01510152229912
2023-10-04,11.11,11.88,11.1,11.6699,2525545.0,56.85055122341635
2023-10-05,11.99,11.99,11.461,11.64,1887175.0,56.528977879345085
2023-10-06,11.47,11.66,10.96,11.22,2012013.0,52.07321057538894
2023-10-09,10.58,10.7,10.199,10.295,1785820.0,43.871395959836256
2023-10-10,10.27,10.39,10.065,10.225,1205081.0,43.315390800534715
2023-10-11,10.47,10.645,10.25,10.26,1711951.0,43.69959628908933
2023-10-12,10.1,10.4472,10.09,10.275,1173367.0,43.875170748004045
2023-10-13,9.95,10.0454,9.715,9.8399,1892266.0,39.98041983666588
2023-10-16,9.75,9.945,9.631,9.66,1330619.0,38.460224330178434
2023-10-17,9.71,9.72,9.37,9.43,1596171.0,36.546919253431305
2023-10-18,9.34,9.44,9.2,9.29,2299874.0,35.39274459133604
2023-10-19,9.39,9.58,9.15,9.335,1744182.0,36.091378043396986
2023-10-20,9.33,9.69,9.3,9.66,1762568.0,41.049435795959674
2023-10-23,9.86,10.04,9.68,9.94,1897803.0,45.00777300950676
2023-10-24,9.86,10.1323,9.81,10.1,1715937.0,47.18994066085743
2023-10-25,10.14,10.2736,10.025,10.14,1537702.0,47.748170438902534
2023-10-26,10.37,10.65,10.12,10.24,1990662.0,49.19406131089598
2023-10-27,10.18,10.72,10.15,10.52,2106162.0,53.10684785276157
2023-10-30,10.53,10.845,10.31,10.61,1761967.0,54.32450248233597
2023-10-31,10.5,10.76,10.29,10.33,1555220.0,49.97658328586474
2023-11-01,10.22,10.55,10.08,10.37,1525632.0,50.585041536893236
2023-11-02,10.4,10.53,9.83,9.84,2240267.0,43.10380180313125
2023-11-03,9.84,10.19,9.76,9.99,1886230.0,45.55787007901663
2023-11-06,9.93,10.645,9.93,10.535,2095520.0,53.41926566996743
2023-11-07,10.89,11.27,10.8577,11.14,2679797.0,60.276589071611745
2023-11-08,11.28,11.6355,11.11,11.605,2348753.0,64.59120117283089
2023-11-09,11.48,11.8,11.35,11.79,1772062.0,66.16574689710347
2023-11-10,11.53,11.83,11.44,11.53,1299241.0,61.99344112017334
2023-11-13,11.47,11.5799,11.289,11.3501,919129.0,59.211233614139175
2023-11-14,11.24,11.3,10.89,10.98,1222199.0,53.856313440005906
2023-11-15,11.06,11.06,10.59,10.96,1628642.0,53.574344448259595
2023-11-16,11.21,11.9,11.16,11.601,2451609.0,60.679817153059545
2023-11-17,11.37,11.41,10.959,11.1,1466126.0,53.75486063864925
2023-11-20,10.96,11.08,10.8,11.06,932957.0,53.23251649096336
2023-11-21,11.24,11.46,11.14,11.2701,1177514.0,55.66917969491437
2023-11-22,11.72,11.95,11.22,11.28,1912608.0,55.78607696784881
2023-11-24,11.32,11.32,10.96,11.17,889600.0,54.079699698033906
2023-11-27,11.34,11.56,11.29,11.3836,1173205.0,56.84040376703598
2023-11-28,11.32,11.475,11.159,11.46,1445581.0,57.81725134636868
2023-11-29,11.3,11.58,11.21,11.535,1795151.0,58.80300314474476
2023-11-30,11.32,11.66,10.92,11.42,2587445.0,56.61821109642839
2023-12-01,11.48,11.58,10.91,11.24,2326084.0,53.2812991003255
2023-12-04,11.41,11.5999,11.25,11.53,1654466.0,57.61547113928442
2023-12-05,11.48,12.05,11.4,12.03,1453302.0,63.843595971768394
2023-12-06,12.2,12.6898,12.0029,12.68,1978107.0,70.01262053787977
2023-12-07,12.49,12.8788,12.4,12.71,1570664.0,70.26479136355525
2023-12-08,12.48,12.59,12.28,12.41,1571963.0,64.42995308216375
2023-12-11,12.53,12.6,12.2987,12.41,1131987.0,64.42995308216375
2023-12-12,12.76,13.16,12.7503,12.965,1631174.0,69.80904545200121
2023-12-13,12.94,13.025,12.3,12.3,2190460.0,58.41095242284969
2023-12-14,11.91,11.925,11.4,11.455,2026737.0,47.74362480993465
2023-12-15,11.46,11.8215,11.42,11.57,1425601.0,49.10586869248656
2023-12-18,11.15,11.295,10.93,11.295,1562236.0,46.01664022243197
2023-12-19,11.27,11.4285,11.0,11.0,1260356.0,42.89892097213561
2023-12-20,10.93,11.3519,10.79,11.33,2230484.0,47.20783819932471
2023-12-21,11.21,11.3099,10.99,11.0,1167380.0,43.659785079213684
2023-12-22,10.88,11.03,10.74,10.9601,1008529.0,43.23665709614266
2023-12-26,10.77,10.865,10.505,10.62,1076528.0,39.7044380525256
2023-12-27,10.61,10.7999,10.5285,10.71,1291835.0,41.076286664099044
2023-12-28,10.78,11.1,10.7,11.09,1750592.0,46.600654010277005
2023-12-29,11.06,11.311,10.99,11.3,1376209.0,49.42272694152447
2024-01-02,11.14,11.24,10.8,11.14,1554014.0,47.368686416059546
2024-01-03,11.18,11.31,10.785,10.91,1478899.0,44.50525903592422
2024-01-04,10.77,11.45,10.69,11.44,1600658.0,51.744229479981264
2024-01-05,11.31,11.6095,11.23,11.34,1474329.0,50.408143245862256
2024-01-08,11.78,12.0963,11.53,11.535,1723395.0,52.95890157794101
2024-01-09,11.48,12.03,11.44,11.82,1391278.0,56.48198520855023
2024-01-10,11.78,12.29,11.78,12.12,1816082.0,59.887525555758266
2024-01-11,12.08,12.29,11.945,12.17,1609478.0,60.44313832233008
2024-01-12,11.74,12.01,11.63,11.84,1478400.0,55.025779694562054
2024-01-16,12.0,12.5916,11.9,12.56,1607048.0,62.849428095434604
2024-01-17,12.89,12.98,12.6417,12.87,1531767.0,65.6223388324419
2024-01-18,12.77,13.195,12.77,12.885,1504915.0,65.75552989529933
2024-01-19,12.86,13.175,12.83,12.83,1546190.0,64.76471319457438
2024-01-22,12.93,13.07,12.61,12.72,1299137.0,62.72887519868687
2024-01-23,12.79,12.8608,12.4701,12.69,985059.0,62.15503058916883
2024-01-24,12.5,12.6201,12.265,12.37,1311074.0,56.244576302706704
2024-01-25,12.2,12.4399,11.94,11.94,1594774.0,49.44103132488811
2024-01-26,11.91,12.2178,11.785,11.79,1520434.0,47.29196671314983
2024-01-29,11.83,12.16,11.78,11.79,924005.0,47.29196671314983
2024-01-30,11.98,12.04,11.35,11.37,1320468.0,41.442275484756706
2024-01-31,11.43,11.97,11.35,11.96,1899297.0,50.672675677614215
2024-02-01,11.81,12.4184,11.68,12.12,2413206.0,52.84352808779983
2024-02-02,12.15,12.55,12.14,12.395,1833440.0,56.39551453657092
2024-02-05,12.53,12.91,12.3938,12.555,1760835.0,58.3607079689812
2024-02-06,12.5,12.59,12.04,12.35,1658778.0,54.94396213260439
2024-02-07,12.19,12.455,12.066,12.1201,1103271.0,51.315594528478165
2024-02-08,12.13,12.17,11.76,11.84,1439758.0,47.22382392086258
2024-02-09,11.82,12.11,11.73,12.035,1200431.0,50.20089780202928
2024-02-12,12.0,12.0,11.47,11.63,1838748.0,44.576652668146046
2024-02-13,11.75,12.175,11.72,12.01,1507841.0,50.21281607688789
2024-02-14,11.82,12.186,11.68,11.94,2252009.0,49.21985935651093
2024-02-15,11.87,11.91,10.9894,11.12,2477251.0,39.39262779975085
2024-02-16,11.06,11.28,10.8989,11.11,1630187.0,39.289603588332156
2024-02-20,11.16,11.5117,11.16,11.45,1473521.0,44.595212569698226
2024-02-21,11.33,11.33,10.655,10.775,2575988.0,37.574585440148084
2024-02-22,11.02,11.168,10.7698,10.86,1716890.0,38.87947742809145
2024-02-23,11.07,11.29,10.8783,10.96,1653899.0,40.456412755361754
2024-02-26,11.01,11.1503,10.73,10.88,1205716.0,39.576699635402555
2024-02-27,10.8,10.93,10.68,10.81,1375894.0,38.782047297230015
2024-02-28,10.77,11.06,10.65,10.96,1521344.0,41.493008246736785
2024-02-29,10.91,10.96,10.6521,10.76,1777498.0,39.01233359213641
2024-03-01,10.59,10.6,10.34,10.46,1804759.0,35.57648608902197
2024-03-04,10.4,10.685,10.3,10.68,1356853.0,39.76596507649704
2024-03-05,10.77,10.8,10.44,10.53,466430.0,37.95369495013822
2024-03-06,10.37,10.6914,10.34,10.585,1427997.0,39.05052040383018
2024-03-07,10.53,10.59,10.255,10.46,1523145.0,37.43100497028601
2024-03-08,10.45,10.485,10.23,10.365,1328279.0,36.20217661638907
2024-03-11,10.5,10.64,10.24,10.25,1269878.0,34.71640059290253
2024-03-12,10.23,10.44,10.1717,10.27,1018414.0,35.21438311456869
2024-03-13,10.09,10.1,9.66,9.82,1621601.0,29.7209921023492
2024-03-14,9.73,9.895,9.65,9.76,980602.0,29.069834072274233
2024-03-15,9.82,9.82,9.5,9.635,1234994.0,27.707857940828347
2024-03-18,9.55,9.785,9.54,9.635,990884.0,27.707857940828347
2024-03-19,9.53,9.53,9.19,9.21,1344784.0,23.387170005688446
2024-03-20,9.34,9.374,9.0149,9.07,1403423.0,22.161234331930075
2024-03-21,9.04,9.1294,8.94,8.9901,1178334.0,21.469536976038995
2024-03-22,9.02,9.175,8.9599,9.11,1000997.0,25.240445203718195
2024-03-25,9.03,9.03,8.8022,8.915,1348971.0,23.28234614606079
2024-03-26,8.86,9.14,8.81,9.14,1150395.0,30.02758171139068
2024-03-27,9.19,9.23,8.86,8.86,1423484.0,26.862346739080735
2024-03-28,8.79,8.82,8.575,8.61,1416763.0,24.390234242013534
2024-04-01,8.55,8.75,8.47,8.5,1455337.0,23.3710788649028
2024-04-02,8.41,8.565,8.321,8.38,1155101.0,22.27746635476062
2024-04-03,8.32,8.35,8.14,8.15,1440754.0,20.315286002118015
2024-04-04,8.12,8.245,8.055,8.17,1308981.0,20.967165805409635
2024-04-05,8.1,8.26,7.98,8.03,1355702.0,19.74922735745109
2024-04-08,8.05,8.175,7.96,8.135,863965.0,23.345631331162522
2024-04-09,8.06,8.2399,7.995,8.115,1085195.0,23.132976068442858
2024-04-10,8.23,8.27,8.0203,8.06,1636760.0,22.52531861144965
2024-04-11,8.01,8.3224,7.9812,8.14,1461686.0,25.587190435922395
2024-04-12,8.03,8.41,7.865,8.32,2140613.0,32.09037037482955
2024-04-15,8.27,8.63,8.2013,8.59,1403884.0,40.49142081524457
2024-04-16,8.7,8.965,8.63,8.725,1427316.0,44.207883326440225
2024-04-17,8.72,8.9524,8.5899,8.87,1552175.0,47.96669449222671
2024-04-18,8.82,9.1,8.77,9.035,1680571.0,51.93501808182555
2024-04-19,9.08,9.09,8.711,8.86,1863977.0,47.7735024299666
2024-04-22,8.91,9.07,8.555,8.709,1229283.0,44.462860390382566
2024-04-23,8.78,8.905,8.535,8.6,1577423.0,42.19001915444089
2024-04-24,8.62,8.75,8.5013,8.525,968037.0,40.65025424907382
2024-04-25,8.58,8.72,8.4091,8.45,1116691.0,39.11298364001405
2024-04-26,8.53,8.6702,8.4218,8.45,964863.0,39.11298364001404
2024-04-29,8.46,8.48,8.315,8.35,739782.0,36.95208634823578
2024-04-30,8.43,9.06,8.42,9.05,1342734.0,55.48977826017065
2024-05-01,9.12,9.6,9.035,9.43,2077058.0,62.01848888721359
2024-05-02,9.31,9.4847,9.175,9.32,1550317.0,59.30664437032776
2024-05-03,9.27,9.4124,9.1276,9.19,1350286.0,56.18012136185309
2024-05-06,9.02,9.03,8.77,8.95,865521.0,50.85039201598896
2024-05-07,8.96,8.96,8.76,8.9308,1250451.0,50.43814618851545
2024-05-08,9.05,9.12,8.89,9.02,655276.0,52.370070941716726
2024-05-09,8.96,9.0135,8.8,8.86,548851.0,48.70285175614697
2024-05-10,8.8,9.195,8.73,9.16,853961.0,55.05756887693418
2024-05-13,9.09,9.26,9.04,9.22,502125.0,56.22555669040006
2024-05-14,9.24,9.29,9.07,9.075,500045.0,52.66356086678698
2024-05-15,9.12,9.44,9.065,9.08,777487.0,52.7746627435945
2024-05-16,9.09,9.22,9.0195,9.19,503805.0,55.26240730599746
2024-05-17,9.1,9.15,8.87,8.94,681529.0,48.95102465815699
2024-05-20,8.91,8.945,8.79,8.87,425391.0,47.32137306969872
2024-05-21,8.98,9.015,8.795,9.005,496184.0,50.72821280895551
2024-05-22,9.1,9.43,9.1,9.285,892760.0,56.94729939216763
2024-05-23,9.15,9.5602,9.07,9.49,1021169.0,60.84408226973107
2024-05-24,9.39,9.51,9.3,9.455,462879.0,59.84809224901241
2024-05-28,9.33,9.3448,9.0841,9.155,897354.0,51.99192951245488
2024-05-29,9.15,9.5576,9.15,9.475,833523.0,58.282522761775276
2024-05-30,9.46,9.46,9.25,9.38,992116.0,55.939097439977914
2024-05-31,9.33,9.34,8.995,9.0,1289396.0,47.68063040032697
2024-06-03,8.98,9.6515,8.95,9.55,1243309.0,57.467955619368794
2024-06-04,9.69,10.0199,9.69,9.84,1043919.0,61.55204088466746
2024-06-05,9.75,9.89,9.68,9.77,800210.0,60.053052205386834
2024-06-06,9.75,9.845,9.6592,9.685,642199.0,58.19959969824296
2024-06-07,9.79,9.94,9.63,9.8,753714.0,59.998417383813724
2024-06-10,9.74,9.76,9.315,9.395,867920.0,51.580009035051944
2024-06-11,9.49,9.67,9.3199,9.345,633470.0,50.63541706536377
2024-06-12,9.15,9.6301,9.1,9.56,1059542.0,54.49446521098483
2024-06-13,9.6,10.05,9.59,9.865,1261297.0,59.349343545878945
2024-06-14,9.93,10.27,9.92,10.215,779753.0,64.08464064759374
2024-06-17,10.21,10.4483,10.16,10.23,1240630.0,64.27670161787616
2024-06-18,10.18,10.2393,9.9993,10.195,627192.0,63.42443209510338
2024-06-20,10.18,10.26,9.88,9.97,844364.0,58.09184786414156
2024-06-21,9.95,10.21,9.92,10.14,590254.0,60.77528843880056
2024-06-24,10.02,10.0894,9.455,9.55,1522300.0,49.039172805204764
2024-06-25,9.43,9.66,9.425,9.44,907587.0,47.20877519076307
2024-06-26,9.46,9.75,9.46,9.62,862560.0,50.466861993243526
2024-06-27,9.59,9.73,9.51,9.625,592150.0,50.5581424645847
2024-06-28,9.48,9.66,9.39,9.58,631328.0,49.67096234987578
2024-07-01,9.45,9.745,9.3998,9.565,1259210.0,49.36003453613689
2024-07-02,9.48,9.61,9.27,9.48,1021992.0,47.54383500603881
2024-07-03,9.44,9.51,9.24,9.35,799582.0,44.82715556402004
2024-07-05,9.35,9.88,9.35,9.805,1596893.0,54.60429259535885
2024-07-08,9.88,9.92,9.7,9.815,1140669.0,54.79390059214258
2024-07-09,9.98,10.1,9.75,9.995,1625149.0,58.17988008898605
2024-07-10,9.98,10.06,9.8901,9.9,1299878.0,55.80418950323297
2024-07-11,9.86,9.965,9.515,9.565,1937732.0,48.31245994980639
2024-07-12,9.47,9.6786,9.39,9.55,1738909.0,48.001715642244086
2024-07-15,9.41,9.53,9.1212,9.26,1655753.0,42.33265664429038
2024-07-16,9.3,9.44,9.2086,9.24,1563255.0,41.96456696221929
2024-07-17,9.2,9.32,8.8699,9.26,2460613.0,42.50297087626955
2024-07-18,9.25,9.41,9.13,9.36,1861532.0,45.238521954290846
2024-07-19,9.46,9.61,9.3731,9.52,1607399.0,49.38768314752482
2024-07-22,9.56,9.76,9.48,9.605,1710651.0,51.49047272011378
2024-07-23,9.7,9.9601,9.67,9.91,1633339.0,58.201192246301794
2024-07-24,9.8,10.05,9.6504,10.03,1531735.0,60.515568803139374
2024-07-25,10.02,10.13,9.6438,9.78,1743826.0,53.828636147534006
2024-07-26,9.8,9.98,9.645,9.7,2322382.0,51.85404523655205
2024-07-29,9.69,10.1,9.62,9.9433,2337538.0,57.01805045747145
2024-07-30,10.03,10.03,9.62,9.69,2446778.0,50.89736662368865
2024-07-31,9.36,9.54,9.24,9.53,2207774.0,47.4336407130487
2024-08-01,9.48,10.2685,9.395,10.115,2763865.0,58.54254873735717
2024-08-02,10.44,11.34,10.38,11.17,3258703.0,70.60662756790751
2024-08-05,11.87,12.32,11.56,11.79,2952703.0,75.178050196812
2024-08-06,11.71,11.88,11.345,11.69,1878334.0,73.20058210356191
2024-08-07,11.21,11.548,11.04,11.53,1723202.0,70.02672822111455
2024-08-08,11.32,11.36,10.74,10.81,1754481.0,57.8675392920128
2024-08-09,10.85,11.0313,10.74,10.86,1299784.0,58.407642183988166
2024-08-12,10.68,10.715,10.475,10.55,1410754.0,53.80254430888205
2024-08-13,10.75,10.9013,10.715,10.765,1574407.0,56.37174752654506
2024-08-14,10.66,10.855,10.615,10.7,1743893.0,55.36919261149465
2024-08-15,10.63,10.63,10.235,10.315,1458084.0,49.72789742189147
2024-08-16,10.52,10.55,10.3187,10.4,1264923.0,50.91690722307261
2024-08-19,10.41,10.41,10.0701,10.26,1532072.0,48.86684755505289
2024-08-20,10.28,10.8967,10.28,10.8,2042225.0,56.19332452167566
2024-08-21,10.68,10.885,10.56,10.78,1953223.0,55.87400655607517
2024-08-22,10.77,10.895,10.65,10.85,1828795.0,56.799305535208546
2024-08-23,10.7,10.7405,10.38,10.42,2025023.0,49.8799073412959
2024-08-26,10.11,10.3613,9.95,10.285,1644988.0,47.90670511519702
2024-08-27,10.38,10.62,10.31,10.575,1685548.0,52.27434449963502
2024-08-28,10.71,10.82,10.59,10.65,1746232.0,53.36337491613518
2024-08-29,10.5,10.72,10.22,10.3101,1929796.0,48.015910970733664
2024-08-30,10.52,10.64,10.37,10.4,2075404.0,49.458510622507696
2024-09-03,10.76,11.22,10.71,11.17,1590464.0,59.75903791891647
2024-09-04,11.12,11.58,10.98,11.53,2505744.0,63.5040447637818
2024-09-05,11.3,11.74,11.281,11.725,1622277.0,65.38330389841846
2024-09-06,11.71,12.1803,11.515,12.1,1888915.0,68.71912094389471
2024-09-09,12.1,12.26,12.005,12.26,2130475.0,70.0454544515924
2024-09-10,12.22,12.78,12.2,12.53,1891238.0,72.1884783230634
2024-09-11,12.51,13.08,12.44,12.54,2091269.0,72.26761401953303
2024-09-12,12.48,12.82,12.245,12.47,2231882.0,70.75001534272687
2024-09-13,12.24,12.31,12.0,12.24,2250764.0,65.85644342540539
2024-09-16,12.1,12.25,11.83,11.97,1821715.0,60.56087942180016
2024-09-17,11.96,11.9953,11.51,11.55,2733091.0,53.37146845003219
2024-09-18,11.64,11.64,11.1,11.48,2452043.0,52.25797630512326
2024-09-19,11.04,11.28,10.8399,11.11,2472372.0,46.7106663146128
2024-09-20,11.16,11.475,11.05,11.14,2314609.0,47.200070193395334
2024-09-23,11.04,11.215,10.6879,10.93,2381083.0,44.14388022927077
2024-09-24,10.57,10.95,10.495,10.945,2169304.0,44.42070654326635
2024-09-25,11.05,11.52,10.94,11.49,2755045.0,53.4481273980106
2024-09-26,11.9,12.1,11.52,12.025,3038997.0,60.27010177177656
2024-09-27,11.75,11.81,11.38,11.44,2659335.0,51.40010082217231
2024-09-30,11.55,11.62,11.175,11.39,2505775.0,50.713125805763895
2024-10-01,11.6,11.72,10.895,10.98,2974651.0,45.35954681576405
2024-10-02,10.64,10.985,10.5398,10.735,3963152.0,42.474088445141035
2024-10-03,10.67,10.845,10.0,10.04,3098822.0,35.56298069952891
2024-10-04,9.87,10.05,9.7401,9.9,3589166.0,34.35047373439737
2024-10-07,9.83,9.91,9.68,9.79,3379563.0,33.38727393975657
2024-10-08,10.07,10.525,10.07,10.33,3257981.0,41.98717444982156
2024-10-09,10.51,10.61,10.255,10.31,3584268.0,41.772073083850415
2024-10-10,10.25,10.39,10.0231,10.11,3133918.0,39.587963791709306
2024-10-11,10.18,10.22,9.77,9.91,2695518.0,37.47765766125401
2024-10-14,10.09,10.295,10.045,10.195,2494694.0,42.205554031282496
2024-10-15,10.72,10.99,10.71,10.975,4223654.0,52.7389914619342
2024-10-16,10.88,10.88,10.705,10.7921,2552538.0,50.41851150725787
2024-10-17,10.73,10.825,10.58,10.59,3016361.0,47.910036415090296
2024-10-18,10.63,10.925,10.595,10.75,3626705.0,50.02971471838839
2024-10-21,10.55,10.935,10.5101,10.855,3309871.0,51.426623958649685
2024-10-22,10.77,10.9101,10.6601,10.805,4091178.0,50.699802043717334
2024-10-23,10.85,11.2206,10.82,11.01,5039397.0,53.59559650587564
2024-10-24,10.9,11.1601,10.81,10.85,4612470.0,51.074032350070794
2024-10-25,10.7,10.9881,10.6,10.84,4179057.0,50.91280724889306
2024-10-28,11.47,11.48,11.11,11.155,3519679.0,55.660854845559534
2024-10-29,11.2,11.595,11.1999,11.52,2551243.0,60.436269588720094
2024-10-30,11.4,11.54,11.12,11.28,2923820.0,56.15369276635108
2024-10-31,11.12,11.4882,10.98,11.465,3559290.0,58.58960722000023
2024-11-01,11.27,11.788,11.165,11.725,2927698.0,61.80150397446884
2024-11-04,11.6,11.65,11.0998,11.26,4425341.0,53.76903982000169
2024-11-05,11.2,11.31,10.98,11.09,3746883.0,51.15152591307991
2024-11-06,10.54,10.54,9.7501,9.92,4912695.0,37.589033700028345
2024-11-07,9.98,10.175,9.95,10.06,3617762.0,39.650982923509424
2024-11-08,10.09,10.17,9.91,9.92,4051932.0,38.28868469897595
2024-11-11,9.92,10.0,9.6,9.62,4013719.0,35.475941607107785
2024-11-12,9.6,9.835,9.455,9.82,3548314.0,38.708548890130864
2024-11-13,9.79,10.06,9.5989,9.745,4374961.0,37.94091347047724
2024-11-14,9.59,9.84,9.5,9.62,2685152.0,36.63684726154777
2024-11-15,9.62,9.88,9.43,9.83,4215763.0,40.3464074935061
2024-11-18,9.63,9.7025,9.345,9.4201,4182967.0,35.92531554541628
2024-11-19,9.56,9.69,9.375,9.55,4006855.0,38.23515578682405
2024-11-20,9.49,9.52,9.2291,9.235,3627732.0,34.945345239677664
2024-11-21,9.02,9.1,8.86,9.0,4333943.0,32.68585793650533
2024-11-22,9.05,9.094,8.7401,8.81,4512650.0,30.943792242440438
2024-11-25,8.73,9.135,8.6649,9.12,4335500.0,36.856993648108556
2024-11-26,9.11,9.34,9.0711,9.25,4050076.0,39.20789012170016
2024-11-27,9.27,9.27,8.995,9.245,3230863.0,39.14751975188622
2024-11-29,9.17,9.2406,9.07,9.19,2159039.0,38.446255373835456
2024-12-02,9.18,9.64,9.1593,9.418713,3777980.0,43.01747473947394
2024-12-03,9.32,9.505,9.21,9.39,3642785.0,42.58985655467533
2024-12-04,9.45,10.13,9.435,9.985,4977410.0,53.01326192171461
2024-12-05,9.9,10.06,9.76,10.05,4409389.0,53.99591111956377
2024-12-06,10.08,10.68,10.08,10.53,4904963.0,60.55609063655808
2024-12-09,10.25,10.345,10.0199,10.325,5573246.0,56.82886584767733
2024-12-10,10.31,10.4951,10.165,10.45,4517963.0,58.50594837313837
2024-12-11,10.34,10.4521,10.1379,10.16,5132142.0,53.32983387363668
2024-12-12,10.18,10.4479,10.17,10.34,5475295.0,55.935687630095956
2024-12-13,10.33,10.5857,10.33,10.53,5061419.0,58.565578634945
2024-12-16,10.67,11.095,10.65,11.08,6029244.0,65.0653858440163
2024-12-17,11.29,11.5602,11.16,11.22,5701596.0,66.50570923150721
2024-12-18,11.19,12.0235,11.0801,12.0,5039688.0,73.14817248945842
2024-12-19,11.56,12.31,11.54,12.27,5711761.0,74.99663513235852
2024-12-20,12.37,12.46,11.8749,12.15,5352811.0,72.6044102857429
2024-12-23,12.05,12.2999,11.8001,11.88,4306010.0,67.39537260901508
2024-12-24,11.76,12.005,11.53,11.58,2591888.0,62.066967938642996
2024-12-26,11.59,11.83,11.5,11.58,4010922.0,62.066967938642996
2024-12-27,11.57,11.71,11.315,11.57,4832077.0,61.87784230550914
2024-12-30,11.35,11.525,10.925,11.19,4596851.0,55.01731444536336
2024-12-31,11.16,11.185,10.7804,10.9,3831320.0,50.42271474533162
2025-01-02,10.61,10.685,10.3736,10.49,4104658.0,44.734669203777244
2025-01-03,10.39,10.5,10.265,10.39,4634997.0,43.44730764585708
2025-01-06,10.26,10.505,9.9682,10.45,3976028.0,44.47969828371061
2025-01-07,10.36,10.48,10.135,10.2,4554490.0,41.112002561004616
2025-01-08,10.27,10.35,10.07,10.09,3089431.0,39.68813668408606
2025-01-10,9.715,9.9599,9.48,9.85,5306336.0,36.70146750511103
2025-01-13,9.76,9.76,9.26,9.5,4686550.0,32.82231298787988
2025-01-14,9.55,9.63,9.306606,9.35,4445101.0,31.295642134456074
2025-01-15,9.14,9.24,8.95,9.01,4068670.0,28.104643265454
2025-01-16,9.07,9.135,8.89,8.99,3548952.0,27.92427486681011
2025-01-17,9.02,9.13,8.965,9.04,3671148.0,29.148485652705617
2025-01-21,9.13,9.3799,9.11,9.25,4582196.0,34.203300624169174
2025-01-22,9.31,9.43,9.0801,9.43,3423696.0,38.26866685915356
2025-01-23,9.29,9.485,9.165,9.39,4384498.0,37.711049410311354
2025-01-24,9.35,9.69,9.34,9.6676,4674565.0,43.828280590467536
2025-01-27,9.8,10.145,9.6048,10.03,7378428.0,50.64297333157112
2025-01-28,10.01,10.3359,9.9,10.145,5914158.0,52.60782398674239
2025-01-29,10.23,10.2801,9.955,10.03,3789973.0,50.44518055359583
2025-01-30,9.85,10.265,9.8351,10.125,4089014.0,52.19354346538843
2025-01-31,10.15,10.65,10.15,10.62,5402782.0,60.093969237991544
2025-02-03,10.55,10.9,10.4752,10.66,5002199.0,60.65974018494494
2025-02-04,10.82,10.939,10.1,10.14,6695778.0,50.61363591394211
2025-02-05,10.2,10.35,10.1099,10.18,4208378.0,51.28202248761591
2025-02-06,10.07,10.7851,10.02,10.64,6094671.0,58.275515799743175
2025-02-07,10.56,10.76,10.4801,10.75,4709936.0,59.762992342834536
2025-02-10,10.51,10.53,9.905,9.96,4661754.0,46.846248277955496
2025-02-11,9.78,9.8515,9.57,9.8,4873433.0,44.73729009565498
2025-02-12,9.84,10.4874,9.84,10.455,5775519.0,53.88902547609586
2025-02-13,10.43,10.6496,10.255,10.315,3561647.0,51.91025308615328
2025-02-14,10.25,10.2551,9.8899,10.17,2949347.0,49.867852943744325
2025-02-18,10.08,10.29,9.72,9.94,2319422.0,46.72732187887264
2025-02-19,9.74,9.83,9.4719,9.7,5486198.0,43.6389817735127
2025-02-20,9.7,9.9457,9.667,9.74,3614486.0,44.29974346904575
2025-02-21,9.8,10.4146,9.8,10.36,3791695.0,53.41604651008027
2025-02-24,10.27,10.535,10.27,10.44,3407873.0,54.45193841236896
2025-02-25,10.53,11.01,10.44,10.93,3282573.0,60.27829139372889
2025-02-26,10.85,11.2251,10.75,11.115,3115155.0,62.24208236725443
2025-02-27,10.98,11.3201,10.9501,11.27,2871258.0,63.85445980059138
2025-02-28,11.42,11.66,11.045,11.055,3552586.0,60.02545772286521
2025-03-03,10.89,12.3479,10.81,12.13,3538223.0,69.78231995862706
2025-03-04,12.46,12.955,11.8513,12.28,4174102.0,70.85140387105629
2025-03-05,12.64,13.375,12.56,12.675,3358340.0,73.50928123211051
2025-03-06,12.79,13.215,12.6396,12.97,2295341.0,75.3193050241796
2025-03-07,12.79,12.915,12.31,12.54,2983802.0,68.0233874379141
2025-03-10,12.45,12.815,12.1021,12.54,2313842.0,68.0233874379141
2025-03-11,12.4,12.6799,11.98,12.44,2194287.0,66.29145060220091
2025-03-12,12.32,12.53,11.905,12.165,2047662.0,61.64333124744019
2025-03-13,12.27,12.71,11.9401,12.53,1121452.0,65.13734829821752
2025-03-14,12.43,12.53,11.635,11.67,1310924.0,52.908172938066464
2025-03-17,11.61,11.625,11.11,11.2,1328469.0,47.64368066012397
2025-03-18,10.96,11.295,10.87,11.07,1287510.0,46.27221727681925
2025-03-19,11.06,11.0999,10.43,10.5407,1225396.0,41.08636801666713
2025-03-20,10.72,10.83,10.45,10.57,986481.0,41.47736540545941
2025-03-21,10.73,10.94,10.63,10.865,1291505.0,45.40600352181133
2025-03-24,10.73,10.775,10.4693,10.56,1469818.0,42.24817449969282
2025-03-25,10.42,10.5,10.1839,10.451,1239125.0,41.14683032016272
2025-03-26,10.24,10.395,9.99,10.35,1456152.0,40.10360507810384
2025-03-27,10.4,10.67,10.345,10.56,1006315.0,43.32129523887424
2025-03-28,10.66,10.9251,10.5201,10.77,1112454.0,46.42101683749387
2025-03-31,10.86,10.95,10.435,10.59,1880233.0,44.19018670210044
2025-04-01,10.6,10.9199,10.455,10.48,1286636.0,42.83543441657759
2025-04-02,10.71,10.755,10.25,10.28,1248190.0,40.409708293672374
2025-04-03,11.4,12.48,11.4,12.4799,2887705.0,64.33438026038543
2025-04-04,13.57,15.505,13.5301,15.16,5994604.0,76.63949095763766
2025-04-07,16.35,16.825,13.75,15.25,1990210.0,76.9273693430008
2025-04-08,14.215,16.99,14.01,16.51,4346674.0,80.54251766311975
2025-04-09,17.32,17.483993,12.28,12.73,2987186.0,53.47345615797097
2025-04-10,13.61,15.32,13.61,14.81,3545728.0,61.200751776681074
2025-04-11,14.82,15.34,13.67,13.89,1826045.0,56.71405604918091
2025-04-14,13.14,14.3,13.08,13.91,2137066.0,56.78822102490841
2025-04-15,14.03,14.13,13.54,14.08,1200749.0,57.45548722977915
2025-04-16,14.0,14.0,13.01,13.56,1777785.0,54.67436645931575
2025-04-17,13.26,13.26,12.41,12.83,1062016.0,50.94612770585806
2025-04-21,13.29,13.8702,13.2667,13.6,1369520.0,54.47263676589578
2025-04-22,13.16,13.3,12.58,12.92,827919.0,50.98661000791954
2025-04-23,12.48,13.04,12.1,12.86,1303630.0,50.678431389779334
2025-04-24,12.71,12.9,12.45,12.58,1037848.0,49.18438168419251
2025-04-25,12.83,12.9391,12.45,12.47,693042.0,48.57847589157158
2025-04-28,12.46,12.4601,12.115,12.18,576113.0,46.93682212768361
2025-04-29,12.44,12.6432,12.19,12.34,666417.0,47.981310846773404
2025-04-30,12.68,13.3303,12.68,13.06,2313368.0,52.51130775225647
2025-05-01,13.22,13.22,12.2501,12.58,1509764.0,49.42139025333089
2025-05-02,12.28,12.74,12.0606,12.11,1372415.0,46.533998416212604
2025-05-05,12.46,12.68,12.27,12.52,1431510.0,49.31584793473801
2025-05-06,12.32,12.67,12.15,12.5,936200.0,49.181420528993755
2025-05-07,12.3,12.755,12.3,12.46,615012.0,48.8943591610369
2025-05-08,12.105,12.1955,11.46,11.65,1435847.0,43.37348654734921
2025-05-09,11.36,11.57,11.19,11.3,718974.0,41.20827131706866
2025-05-12,10.3,10.58,9.95,10.45,1148177.0,36.449412344330135
2025-05-13,10.28,10.36,9.6,9.765,1346442.0,33.12906202129753
2025-05-14,9.985,10.02,9.7849,9.88,1033867.0,34.21256051666629
2025-05-15,10.2,10.36,10.0201,10.03,1579789.0,35.676551227909314
2025-05-16,10.05,10.295,9.98,10.065,867850.0,36.034239232426685
2025-05-19,10.25,10.4555,10.2,10.29,1004756.0,38.40548333120735
2025-05-20,10.26,10.405,10.145,10.39,628631.0,39.47931132183318
2025-05-21,10.48,10.85,10.47,10.85,950017.0,44.29062293665543
2025-05-22,11.04,11.33,10.7301,10.875,826559.0,44.54863423970548
2025-05-23,11.19,11.19,10.78,10.86,908554.0,44.4157164729608
2025-05-27,10.65,10.94,10.51,10.53,659009.0,41.48327696537039
2025-05-28,10.42,10.918,10.33,10.89,903946.0,45.69541084469991
2025-05-29,10.79,11.045,10.775,10.79,1044970.0,44.73219295255808
2025-05-30,10.94,11.2201,10.865,11.09,1054035.0,48.25604384215137
2025-06-02,10.57,11.01,10.44,10.8099,1439526.0,45.34876119745929
2025-06-03,10.79,11.01,10.15,10.365,1572464.0,41.11196338230801
2025-06-04,10.38,10.91,10.195,10.87,1628949.0,47.14794421604713
2025-06-05,10.73,11.05,10.7,10.93,1282317.0,47.83212127920541
2025-06-06,10.7,10.7,10.29,10.41,1289127.0,42.67595778987393
2025-06-09,10.34,10.47,10.025,10.24,1552420.0,41.11553167666805
2025-06-10,10.01,10.01,9.64,9.93,1687850.0,38.3610027384444
2025-06-11,9.69,9.9099,9.4,9.56,2080865.0,35.319548506222375
2025-06-12,9.72,9.89,9.44,9.46,1649755.0,34.522873431015896
2025-06-13,9.0,9.42,8.8846,8.9401,3149427.0,30.651838294923877
2025-06-16,9.08,9.16,8.78,8.91,3320677.0,30.439033019186382
2025-06-17,8.735,8.95,8.5201,8.68,2871425.0,28.794002618101104
2025-06-18,8.61,8.84,8.48,8.815,2317128.0,31.146136336833266
2025-06-20,8.76,8.8752,8.6694,8.73,2169697.0,30.463798693440907
2025-06-23,8.54,9.4,8.52,9.35,4147268.0,40.673265116154134
2025-06-24,9.58,9.69,9.2652,9.44,2055329.0,42.00440170077976
2025-06-25,9.45,9.725,9.45,9.7198,1573588.0,46.056684034323006
2025-06-26,9.69,9.7101,9.375,9.47,1217842.0,43.157408887386836
2025-06-27,9.49,9.7351,9.44,9.57,919418.0,44.65928389378521
2025-06-30,9.68,9.8053,9.615,9.765,556151.0,47.56847155088661
2025-07-01,9.78,10.005,9.42,9.6,1288997.0,45.39397275937052
2025-07-02,9.44,9.68,9.21,9.255,901286.0,41.157461292828046
2025-07-03,9.22,9.34,9.14,9.26,591854.0,41.243047749516194
2025-07-07,9.39,9.7048,9.225,9.49,2158023.0,45.19215464304082
2025-07-08,9.51,9.51,8.7447,8.88,2034935.0,37.91393479558252
2025-07-09,8.94,9.11,8.87,9.04,1404192.0,40.615467889501254
2025-07-10,9.09,9.2952,8.81,8.83,2257905.0,38.26220653689055
2025-07-11,8.84,8.935,8.64,8.73,1065425.0,37.15813306231649
2025-07-14,8.79,9.04,8.79,8.91,2018623.0,40.48700406735343
2025-07-15,8.84,9.31,8.84,9.31,1691856.0,47.18270725994725
2025-07-16,9.29,9.675,9.19,9.6075,2161153.0,51.54887031105554
2025-07-17,9.63,9.68,9.195,9.2375,1845458.0,46.41034982102552
2025-07-18,8.99,9.28,8.925,9.215,2004032.0,46.10934505556934
2025-07-21,9.18,9.715,9.18,9.6806,1783674.0,52.91481263251293
2025-07-22,9.69,9.7,9.4,9.47,2014687.0,49.848431834585526
2025-07-23,9.56,9.66,9.315,9.34,1622849.0,47.999359359758856
2025-07-24,9.33,9.52,9.21,9.295,2974459.0,47.34468176260562
2025-07-25,9.22,9.5,9.2,9.41,1284896.0,49.249706447010226
2025-07-28,9.21,9.215,8.98,8.99,2225675.0,43.11464009498587
2025-07-29,8.94,9.1378,8.84,8.88,3526480.0,41.651212159642725
2025-07-30,9.02,9.3151,8.98,9.16,2124507.0,46.618165706236766
2025-07-31,9.31,9.4851,9.095,9.37,1472893.0,50.05231795542556
2025-08-01,9.46,10.13,9.46,10.0384,1800517.0,59.07637749626498
2025-08-04,10.05,10.1512,9.9,9.975,1730766.0,58.00585464121609
2025-08-05,9.97,10.15,9.7801,9.83,1194871.0,55.527553626787494
2025-08-06,9.64,10.1201,9.51,10.05,2063767.0,58.42960900768285
2025-08-07,9.83,10.275,9.53,10.24,2380362.0,60.80822953395001
2025-08-08,10.15,10.27,9.85,10.165,1895075.0,59.36425861370277
2025-08-11,10.11,10.4222,9.98,10.37,1112721.0,62.019100238425985
2025-08-12,10.31,10.37,9.9417,10.12,2421507.0,57.118200913597136
2025-08-13,10.17,10.17,9.855,9.86,1922966.0,52.473985125878
2025-08-14,9.94,10.155,9.805,9.82,2086093.0,51.77648900789993
2025-08-15,9.84,9.99,9.71,9.94,2532593.0,53.762133396268595
2025-08-18,10.02,10.31,10.02,10.105,2184597.0,56.41933139333818
2025-08-19,10.23,10.31,9.96,10.19,1388653.0,57.765841564684806
2025-08-20,10.14,10.28,9.92,10.0,1786911.0,53.76685673978768
2025-08-21,10.06,10.18,9.9,9.965,2486609.0,53.038458857695716
2025-08-22,9.87,9.9099,9.25,9.3,3053188.0,41.52715558743493
2025-08-25,9.34,9.42,9.06,9.1,2373655.0,38.79971576429894
2025-08-26,9.17,9.36,9.1542,9.175,2082406.0,40.3810485562005
