volume,vw,open,close,high,low,t,n,date
50944.64533833511,46947.4415,46654.0,46350.4,49102.29,45555.55,1704931200000,762583,2024-01-11
59970.9527363467,44196.8707,46350.4,42773.03,46522.2,41444.97,1705017600000,791172,2024-01-12
13737.624864085004,42831.5723,42775.1,42839.33,43250.0,42427.0,1705104000000,315568,2024-01-13
11736.23537913369,42547.6023,42827.9,41697.33,43075.0,41680.73,1705190400000,254369,2024-01-14
14184.84569772358,42593.5944,41698.13,42520.0,43369.0,41680.0,1705276800000,286077,2024-01-15
21236.810862302398,42984.3473,42499.3,43130.45,43588.0,42028.02,1705363200000,390408,2024-01-16
19248.80836952228,42620.9692,43130.35,42739.49,43215.0,42160.0,1705449600000,343705,2024-01-17
29890.466539984263,41649.2286,42737.68,41293.5,42932.0,40600.05,1705536000000,392081,2024-01-18
27855.61115430643,41263.728,41290.57,41624.07,42212.0,40236.49,1705622400000,384868,2024-01-19
7096.28753251149,41601.0113,41623.94,41666.67,41944.0,40000.0,1705708800000,189193,2024-01-20
5268.617377100797,41698.6924,41666.67,41554.05,42260.0,41472.49,1705795200000,149600,2024-01-21
33767.231491860824,40405.9444,41670.0,39524.27,41775.0,39372.44,1705881600000,440095,2024-01-22
28114.91671063499,39263.6977,39510.0,39878.3,40215.0,38501.0,1705968000000,422574,2024-01-23
21769.698772998032,39871.7516,39878.28,40069.8,40599.0,39382.15,1706054400000,332209,2024-01-24
16735.523332165852,39893.3563,40079.87,39941.66,40333.0,39503.0,1706140800000,254578,2024-01-25
25444.491195520382,41317.6759,39941.66,41814.8,42243.14,39805.95,1706227200000,353696,2024-01-26
5516.929458381651,41812.7495,41814.96,42126.55,42204.0,41383.94,1706313600000,162020,2024-01-27
6906.719029741704,42272.2683,42126.55,42034.59,42839.07,41617.53,1706400000000,171880,2024-01-28
15637.156951694247,42722.6475,42025.0,43269.5,43333.0,41787.35,1706486400000,257880,2024-01-29
19919.379506534315,43450.3182,43272.7,42942.78,43872.99,42680.2,1706572800000,287585,2024-01-30
19446.882335773065,42982.206,42955.0,42548.08,43742.3,42265.77,1706659200000,273550,2024-01-31
15130.836461533445,42551.1031,42551.7,43075.2,43276.19,41846.04,1706745600000,269772,2024-02-01
15165.356765253753,43044.4664,43075.3,43181.66,43700.0,42527.58,1706832000000,250322,2024-02-02
3069.056594700402,43100.0274,43183.62,43010.67,43366.0,42863.58,1706918400000,129634,2024-02-03
3898.363555500461,42798.4293,43007.82,42568.55,43109.0,42228.01,1707004800000,132617,2024-02-04
11374.964509474737,42746.4013,42591.3,42657.67,43540.0,42235.0,1707091200000,221152,2024-02-05
9990.22960118174,43026.4095,42650.0,43095.79,43387.0,42516.07,1707177600000,220996,2024-02-06
17944.147697913057,43585.6018,43085.0,44343.61,44430.0,42760.44,1707264000000,274996,2024-02-07
24499.503102522547,45038.0821,44330.0,45329.6,45637.38,44323.0,1707350400000,379837,2024-02-08
30597.29528200841,47080.0096,45280.0,47160.41,48230.02,45246.0,1707436800000,473764,2024-02-09
8000.422264321736,47450.9327,47157.01,47767.06,48190.0,46889.53,1707523200000,209765,2024-02-10
8336.231897111864,48205.0681,47767.06,48316.3,48614.0,47580.9,1707609600000,216643,2024-02-11
28044.659629649363,49359.7281,48321.14,49941.81,50363.42,47642.0,1707696000000,432269,2024-02-12
26690.211311180094,49354.8674,49941.95,49725.36,50423.42,48240.0,1707782400000,412197,2024-02-13
28019.370171001457,51290.5939,49750.1,51858.59,52136.8,49253.92,1707868800000,468121,2024-02-14
25013.753372190306,52090.5666,51835.2,51934.29,52890.0,51280.0,1707955200000,486510,2024-02-15
17144.98668249129,52033.0719,51947.1,52162.64,52608.2,51580.0,1708041600000,352064,2024-02-16
8883.469746892166,51417.1217,52185.3,51700.0,52214.05,50130.0,1708128000000,220798,2024-02-17
6551.295609511554,51845.6793,51700.1,52153.63,52451.0,51165.0,1708214400000,198699,2024-02-18
8822.595329122643,52107.0578,52157.1,51787.05,52501.01,51648.0,1708300800000,242415,2024-02-19
23028.060137330795,51914.8171,51771.2,52167.0,53000.0,50584.0,1708387200000,385344,2024-02-20
18117.36174936655,51313.0563,52270.1,51851.67,52394.91,50439.0,1708473600000,348111,2024-02-21
16898.38186680822,51592.9672,51866.9,51258.7,52100.0,50890.2,1708560000000,310033,2024-02-22
14216.24826204933,51018.4403,51300.1,50737.0,51537.0,50227.0,1708646400000,309611,2024-02-23
5331.982110101079,51221.519,50739.4,51570.65,51736.0,50576.55,1708732800000,180385,2024-02-24
6111.003062901675,51665.9453,51554.5,51731.0,51967.82,51275.01,1708819200000,180548,2024-02-25
32020.825000955032,53278.0747,51733.8,54533.48,54980.0,50871.0,1708905600000,493515,2024-02-26
38515.80831857773,56550.4406,54525.4,57077.07,57646.81,54384.0,1708992000000,675281,2024-02-27
65601.92862209708,60481.3333,57077.08,62518.9,64100.0,56000.4,1709078400000,1094096,2024-02-28
47621.038243198884,62062.2587,62489.8,61180.9,63675.48,60108.8,1709164800000,802983,2024-02-29
30681.328374492583,61998.8151,61179.03,62436.72,63267.18,60500.0,1709251200000,576226,2024-03-01
10456.558672512736,62044.02,62439.74,62045.78,62500.0,61584.0,1709337600000,328631,2024-03-02
10579.410340873275,62356.8907,62045.78,63178.2,63260.0,61350.0,1709424000000,314418,2024-03-03
52133.16140926825,66096.6608,63155.74,68098.0,68602.98,62216.0,1709510400000,907498,2024-03-04
85476.96548048228,65017.2267,68356.7,63800.78,69324.58,59008.0,1709596800000,1509516,2024-03-05
44033.02548165077,66148.0187,63802.15,66122.28,67681.0,62783.0,1709683200000,825631,2024-03-06
27523.51610418382,67124.5179,66115.48,66938.21,68098.09,65595.0,1709769600000,618867,2024-03-07
42812.29373757517,68180.5133,66938.21,68289.16,70199.0,65200.0,1709856000000,778787,2024-03-08
11795.36766444294,68362.3984,68289.16,68480.0,68700.41,67719.0,1709942400000,344711,2024-03-09
17430.37948084603,69326.6822,68480.01,68951.0,70000.0,68047.0,1710028800000,475654,2024-03-10
44952.35231810567,71382.5716,69032.8,72110.98,72943.98,67000.0,1710115200000,864713,2024-03-11
40257.052183758606,71228.0231,72100.1,71475.93,73027.63,68357.0,1710201600000,918971,2024-03-12
27339.186181919315,72806.5633,71473.43,73135.04,73709.99,70976.0,1710288000000,636753,2024-03-13
42665.71858346498,71219.9023,73135.04,71364.58,73835.57,68454.47,1710374400000,984488,2024-03-14
51116.259752913196,68391.4054,71364.58,69520.0,72500.0,65460.0,1710460800000,1033965,2024-03-15
22452.370880193022,67550.6352,69514.87,65254.22,70071.0,64774.05,1710547200000,548172,2024-03-16
18896.250819064913,66878.9888,65254.22,68343.64,68927.0,64505.0,1710633600000,442839,2024-03-17
25258.280699166615,67500.1474,68354.29,67613.04,68940.0,66562.65,1710720000000,530243,2024-03-18
53882.12499433056,64106.4215,67600.0,61906.27,68136.39,61506.0,1710806400000,979567,2024-03-19
49516.82253871595,64207.6968,62022.0,67858.8,68202.0,60771.14,1710892800000,895549,2024-03-20
24555.48664048687,66510.0482,67855.88,65484.7,68280.0,64525.0,1710979200000,621560,2024-03-21
23774.14154240207,64064.6907,65478.98,63814.56,66712.0,62201.0,1711065600000,660792,2024-03-22
10615.216697072612,64642.5069,63814.56,63998.86,66029.09,63013.19,1711152000000,348768,2024-03-23
10359.231325392617,65686.6948,63998.87,67204.93,67949.0,63785.57,1711238400000,339237,2024-03-24
31307.104575000012,69156.2184,67212.69,69890.28,71269.92,66381.84,1711324800000,732703,2024-03-25
20155.068485687792,70301.483,69950.1,70000.1,71582.96,69116.8,1711411200000,569836,2024-03-26
26781.64595618427,69637.5941,69994.9,69437.3,71789.85,68251.0,1711497600000,622086,2024-03-27
19933.541979907975,70693.0403,69437.2,70801.18,71635.99,68800.0,1711584000000,558198,2024-03-28
10710.140036532179,69943.4957,70786.0,69903.75,70941.7,69015.0,1711670400000,372585,2024-03-29
4242.4127139807215,69977.1798,69903.74,69626.87,70363.25,69569.03,1711756800000,237286,2024-03-30
6649.246520801482,70550.6183,69652.0,71288.9,71444.0,69587.86,1711843200000,258897,2024-03-31
18513.448805676693,69438.7465,71291.5,69681.1,71373.0,68055.15,1711929600000,484820,2024-04-01
30832.79852348744,66052.8769,69681.1,65464.14,69711.0,64192.0,1712016000000,748173,2024-04-02
17444.035729207495,66025.2967,65472.0,65987.92,66944.06,64500.0,1712102400000,438158,2024-04-03
23624.26045135535,67625.0333,65984.18,68527.4,69634.0,65048.0,1712188800000,523749,2024-04-04
20406.853908779965,67457.3015,68528.69,67856.51,68783.99,65959.0,1712275200000,467893,2024-04-05
6124.067240281255,68283.2003,67856.51,68919.89,69693.1,67379.0,1712361600000,247970,2024-04-06
7901.9930474127605,69486.092,68908.6,69350.34,70312.0,68820.0,1712448000000,325177,2024-04-07
23223.579051814715,71576.5348,69350.36,71622.53,72777.0,69036.0,1712534400000,567352,2024-04-08
21914.589601101146,69778.9649,71650.1,69117.01,71761.37,68200.0,1712620800000,539778,2024-04-09
21928.775432553433,69027.2689,69115.79,70634.04,71341.0,67463.07,1712707200000,523393,2024-04-10
14372.856794187008,70394.0358,70733.0,70046.4,71444.0,69530.0,1712793600000,416029,2024-04-11
32094.801286557326,68209.7878,70103.0,67148.61,71291.0,65103.0,1712880000000,786351,2024-04-12
37545.51982960271,64796.5735,67199.8,64024.77,69100.0,60495.0,1712966400000,1041828,2024-04-13
26538.987589805183,64133.239,64018.6,65777.05,65909.0,62150.0,1713052800000,646041,2024-04-14
27322.953087577836,64848.2963,65700.0,63452.18,66928.82,62315.08,1713139200000,665228,2024-04-15
22582.62085850296,62860.4936,63441.8,63814.94,64415.0,61551.0,1713225600000,598486,2024-04-16
27908.50173031259,61644.1743,63832.6,61279.36,64534.0,59648.33,1713312000000,762399,2024-04-17
19600.090229615384,62791.1291,61284.4,63513.85,64210.0,60816.07,1713398400000,493620,2024-04-18
29526.060603527425,63470.0901,63499.5,63848.37,65501.0,59573.32,1713484800000,754969,2024-04-19
8034.73000691246,64393.4803,63846.0,64968.87,65465.0,63121.15,1713571200000,338677,2024-04-20
6317.031909871909,64954.2161,64993.8,64952.92,65756.0,64250.0,1713657600000,256373,2024-04-21
14674.208393758543,66153.6475,64953.0,66859.17,68158.0,64520.0,1713744000000,384705,2024-04-22
11216.318416991891,66532.5241,66831.4,66414.16,67253.0,65807.0,1713830400000,356444,2024-04-23
18390.331962421373,65202.5357,66419.8,64255.78,67153.0,63542.56,1713916800000,461978,2024-04-24
16609.340525686952,64093.9909,64255.77,64484.44,65381.0,62743.5,1714003200000,393349,2024-04-25
12487.760915875097,64044.727,64489.1,63742.39,64839.0,63287.76,1714089600000,329087,2024-04-26
7688.4621976635235,63037.6848,63750.8,63425.0,64029.0,62389.0,1714176000000,261235,2024-04-27
5551.1416021712785,63609.2407,63425.1,63108.94,64470.0,62743.81,1714262400000,221386,2024-04-28
13377.822500071163,62745.9558,63114.1,63844.85,64304.0,61741.01,1714348800000,352229,2024-04-29
26998.48751629146,61053.0543,63822.1,60622.1,64800.0,59040.3,1714435200000,592807,2024-04-30
36306.16835997113,57898.2558,60610.0,58265.59,60991.0,56378.0,1714521600000,818856,2024-05-01
18350.770952150266,58551.988,58267.81,59071.89,59767.0,56903.79,1714608000000,504135,2024-05-02
22588.06498860277,61132.9655,59113.2,62913.03,63444.0,58821.05,1714694400000,524815,2024-05-03
9341.29545499236,63518.2417,62925.8,63902.88,64644.0,62550.4,1714780800000,278892,2024-05-04
6410.308083120016,63845.4607,63898.0,64023.45,64801.0,62908.34,1714867200000,273052,2024-05-05
15014.69468358998,63824.4851,64067.5,63162.24,65628.0,62704.48,1714953600000,405905,2024-05-06
11742.36228945821,63429.3836,63161.7,62315.76,64480.0,62252.64,1715040000000,327075,2024-05-07
9857.802772441306,62125.3084,62325.0,61169.53,63112.0,60851.04,1715126400000,349677,2024-05-08
10679.227749370395,61904.4023,61172.1,63073.57,63529.0,60601.6,1715212800000,309101,2024-05-09
15163.250328231863,61550.7498,63052.0,60787.47,63612.0,60150.0,1715299200000,386107,2024-05-10
3789.3654638304683,60940.4341,60790.8,60805.0,61588.0,60450.13,1715385600000,193373,2024-05-11
3792.766457371365,61245.6893,60805.0,61453.02,61962.0,60576.05,1715472000000,204346,2024-05-12
11541.77888872016,62522.5301,61444.6,62932.37,63540.0,60738.51,1715558400000,384930,2024-05-13
16135.62462599838,62078.6866,62910.0,61539.84,63175.0,61000.0,1715644800000,434473,2024-05-14
27716.98672330425,64615.114,61539.7,66244.69,66500.0,61299.57,1715731200000,664184,2024-05-15
15424.821354775437,65754.746,66233.1,65252.18,66799.0,64557.0,1715817600000,462993,2024-05-16
14778.8951649091,66576.1514,65228.4,67046.33,67618.0,65113.46,1715904000000,398826,2024-05-17
4637.99978324156,66974.7154,67043.6,66923.87,67473.0,66598.0,1715990400000,235241,2024-05-18
4912.141236761148,66864.232,66920.1,66262.4,67984.0,65852.02,1716076800000,240980,2024-05-19
25837.14890898711,68756.982,66262.5,71432.17,71560.9,66057.03,1716163200000,615890,2024-05-20
19826.247984224698,70560.5782,71432.16,70145.1,71980.0,69146.01,1716249600000,604460,2024-05-21
14277.429019659008,69748.2165,70145.1,69109.93,70668.0,68725.2,1716336000000,447442,2024-05-22
19011.497148756054,68230.3722,69144.1,67940.45,70500.0,66250.0,1716422400000,511572,2024-05-23
12804.68779944892,68161.1374,67947.0,68547.8,69308.0,66587.91,1716508800000,389308,2024-05-24
3607.6377056903534,69031.9205,68541.0,69289.67,69635.0,68487.44,1716595200000,193911,2024-05-25
2949.5081756000036,68887.4445,69278.7,68473.72,69588.0,67971.1,1716681600000,187333,2024-05-26
7834.055005983865,69475.1187,68474.4,69368.72,70679.0,68210.12,1716768000000,279376,2024-05-27
14590.479766482238,68146.7215,69377.8,68321.98,69597.0,67194.59,1716854400000,385943,2024-05-28
11508.583914956238,67787.6599,68325.0,67569.45,68971.0,67081.66,1716940800000,402522,2024-05-29
14621.039771766613,68433.2896,67575.4,68338.58,69550.0,67092.91,1717027200000,419635,2024-05-30
12714.239392585478,67687.9893,68365.0,67472.41,69028.0,66584.47,1717113600000,401434,2024-05-31
2453.8330691899255,67659.7886,67498.1,67719.29,67890.0,67371.28,1717200000000,167543,2024-06-01
3849.759698749966,67837.2387,67717.2,67735.52,68444.0,67260.0,1717286400000,180700,2024-06-02
14723.958852528283,69164.4341,67731.14,68791.0,70295.78,67568.0,1717372800000,368062,2024-06-03
21220.116937563525,70132.8586,68800.0,70542.32,71108.9,68542.37,1717459200000,417567,2024-06-04
13144.144468488717,71104.6182,70558.7,71121.11,71804.13,70356.49,1717545600000,387983,2024-06-05
9799.946710421866,70997.481,71116.3,70773.64,71651.0,70093.98,1717632000000,321355,2024-06-06
18017.677623827018,70253.7138,70752.1,69394.0,71974.04,68298.55,1717718400000,477279,2024-06-07
3361.942778500353,69370.2121,69317.1,69304.05,69618.0,69126.22,1717804800000,193752,2024-06-08
2732.338929500212,69523.0865,69291.5,69649.9,69848.94,69101.0,1717891200000,163066,2024-06-09
7800.330256482236,69630.5247,69649.9,69497.73,70187.53,69141.51,1717977600000,266440,2024-06-10
21178.763949751163,67339.8748,69522.2,67316.53,69558.7,66018.69,1718064000000,573310,2024-06-11
20072.119167737404,68667.2719,67330.0,68248.6,70037.0,66883.32,1718150400000,536799,2024-06-12
13688.22604530725,67212.5178,68248.59,66756.5,68474.49,66200.0,1718236800000,457648,2024-06-13
14036.651848974416,66106.6314,66776.0,66004.39,67370.0,65005.0,1718323200000,429427,2024-06-14
2596.392308640016,66165.259,65992.1,66192.0,66442.0,65794.7,1718409600000,194286,2024-06-15
2936.762575739947,66515.0692,66198.1,66628.75,66947.0,65999.0,1718496000000,171969,2024-06-16
16345.443449501932,66232.9346,66630.0,66481.81,67302.0,65050.0,1718582400000,382537,2024-06-17
19988.966579363736,65041.9006,66487.7,65152.8,66623.0,64010.01,1718668800000,572516,2024-06-18
6315.240569602347,65155.7053,65169.7,64943.79,65820.0,64635.48,1718755200000,303055,2024-06-19
11796.052707424084,65309.6755,64949.1,64840.88,66585.0,64500.0,1718841600000,374516,2024-06-20
12112.126403724447,63991.2,64833.3,64087.9,65196.0,63300.93,1718928000000,414117,2024-06-21
3181.7524686099146,64316.0119,64088.0,64235.01,64613.0,63910.01,1719014400000,174672,2024-06-22
3176.9550407601346,63991.5764,64253.0,63171.43,64618.0,63125.75,1719100800000,192996,2024-06-23
28056.30550254586,60892.3847,63169.36,60263.0,63461.0,58414.28,1719187200000,762779,2024-06-24
18289.52464370195,61432.0707,60297.1,61789.71,62470.0,60217.36,1719273600000,450097,2024-06-25
13088.536382955564,61298.9751,61794.1,60815.1,62558.0,60656.8,1719360000000,391066,2024-06-26
12724.378121728556,61436.7825,60815.2,61615.39,62499.0,60546.94,1719446400000,361101,2024-06-27
13141.524940790041,60958.8833,61617.1,60313.35,62295.0,59868.0,1719532800000,409739,2024-06-28
4492.243227451966,60868.3111,60319.6,60860.0,61352.0,60273.8,1719619200000,219048,2024-06-29
5696.332467431378,61746.0853,60860.0,62668.26,63131.0,60611.01,1719705600000,269092,2024-06-30
14426.163916093907,63163.0605,62680.4,62830.13,63911.0,62448.46,1719792000000,394680,2024-07-01
12224.288178081297,62304.5316,62830.94,62040.22,63331.0,61000.0,1719878400000,342946,2024-07-02
14682.34715963025,60369.7867,62020.0,60145.01,62386.0,59332.76,1719964800000,474547,2024-07-03
23071.22674860309,58033.4411,60146.6,57042.14,60550.0,56709.73,1720051200000,656002,2024-07-04
35152.88896839365,55649.8024,57031.4,56639.43,57615.0,53219.0,1720137600000,859610,2024-07-05
8930.475579201466,57180.5703,56650.1,58244.75,58538.0,56020.32,1720224000000,342352,2024-07-06
7225.658438742464,57230.6403,58234.9,55854.09,58563.0,55717.23,1720310400000,302969,2024-07-07
23020.714850126384,56154.845,55845.4,56699.3,58350.0,54278.93,1720396800000,663440,2024-07-08
14464.901770290473,57512.0201,56699.3,58047.86,58422.0,56276.37,1720483200000,464244,2024-07-09
14095.296974441448,58152.8965,58001.6,57712.59,59606.0,57154.1,1720569600000,467148,2024-07-10
14326.025154958345,58138.0227,57742.1,57340.77,59654.0,57036.41,1720656000000,502430,2024-07-11
12770.950487011007,57616.6817,57350.0,57909.03,58653.0,56538.33,1720742400000,476998,2024-07-12
5857.246038272242,58742.1635,57911.5,59224.58,60063.0,57770.92,1720828800000,244190,2024-07-13
8695.192284601419,60222.3499,59224.58,60808.42,61535.0,59209.2,1720915200000,295236,2024-07-14
24915.285135138758,63075.5059,60810.0,64757.16,65014.0,60666.59,1721001600000,641830,2024-07-15
18695.642293493634,64234.3077,64764.3,65088.99,65488.0,62410.33,1721088000000,625283,2024-07-16
13094.35626413802,64937.3232,65077.1,64085.81,66180.0,63853.1,1721174400000,631346,2024-07-17
9745.05126899299,64112.9901,64120.1,63982.86,65200.0,63222.6,1721260800000,423590,2024-07-18
18233.872945320993,65790.1313,63960.7,66707.61,67504.22,63289.15,1721347200000,601035,2024-07-19
5976.406493971239,66943.8464,66708.9,67163.83,67694.0,66271.0,1721433600000,352916,2024-07-20
8257.183857072176,67303.6606,67166.1,68181.28,68479.0,65820.18,1721520000000,442513,2024-07-21
13916.336665492538,67626.6658,68137.2,67558.22,68560.0,66569.42,1721606400000,541369,2024-07-22
13878.06752197512,66409.2504,67595.2,65939.24,67906.0,65444.3,1721692800000,577380,2024-07-23
9997.394193752847,66096.4642,65900.8,65366.4,67241.0,65090.61,1721779200000,464929,2024-07-24
13300.934734938068,64560.3474,65503.0,65795.42,66241.0,63412.46,1721865600000,609851,2024-07-25
12395.841364782367,67346.2391,65794.2,67924.08,68333.0,65705.6,1721952000000,578071,2024-07-26
14034.384472971135,68124.6997,67914.7,67899.41,69529.0,66624.3,1722038400000,572278,2024-07-27
4645.989473308362,67815.6151,67912.9,68244.3,68443.0,67021.8,1722124800000,537696,2024-07-28
17576.558153538645,68332.3065,68250.0,66771.45,70162.0,66400.01,1722211200000,915778,2024-07-29
11131.772096735582,66209.1662,66755.4,66169.68,67179.0,65283.68,1722297600000,486836,2024-07-30
11041.132536383207,65850.7194,66175.1,64609.62,66947.0,64500.0,1722384000000,481921,2024-07-31
19436.30784717,63765.9942,64638.1,65288.18,65720.0,62212.81,1722470400000,691516,2024-08-01
19180.852730612307,63432.3295,65462.0,61418.06,65668.0,61150.0,1722556800000,714338,2024-08-02
11400.965616023303,60946.3767,61410.0,60674.93,62260.0,59819.13,1722643200000,473600,2024-08-03
12979.357049018508,59162.9744,60688.6,58130.95,61213.0,57123.0,1722729600000,543365,2024-08-04
76954.21833159344,53020.4394,58103.1,54029.12,58344.0,49050.01,1722816000000,2131923,2024-08-05
21200.509671329637,55962.3967,54037.9,56048.08,57207.0,53965.57,1722902400000,767877,2024-08-06
17584.489229751955,56158.613,56048.07,55148.1,57833.0,54556.5,1722988800000,688524,2024-08-07
25703.084427459315,58930.1864,55144.14,61705.58,62770.0,54737.32,1723075200000,746627,2024-08-08
15441.16129496134,60622.9991,61704.05,60862.13,61809.0,59552.46,1723161600000,554071,2024-08-09
4072.180394310697,60796.9749,60859.9,60935.02,61535.0,60255.61,1723248000000,285877,2024-08-10
7229.82173128255,59910.8266,60951.8,58722.49,61916.0,58312.63,1723334400000,353069,2024-08-11
14679.667887531443,59123.0231,58816.0,59358.78,60764.0,57653.31,1723420800000,608892,2024-08-12
14090.427734036131,60113.6468,59359.5,60603.19,61635.0,58402.01,1723507200000,512345,2024-08-13
16068.132437005446,60003.8133,60600.1,58690.62,61898.0,58453.56,1723593600000,513468,2024-08-14
17870.155616311316,58254.0495,58693.7,57543.61,59909.0,56117.7,1723680000000,614306,2024-08-15
13998.514233815686,58598.1231,57543.57,58888.99,59905.0,57096.56,1723766400000,479806,2024-08-16
3375.598654760669,59302.6687,58895.6,59497.49,59800.0,58803.45,1723852800000,225594,2024-08-17
5635.251630860595,59660.1994,59473.4,58466.5,60313.0,58422.0,1723939200000,258763,2024-08-18
10140.854179935173,58675.2668,58466.5,59452.67,59700.0,57820.0,1724025600000,380930,2024-08-19
14259.3192599301,60015.6116,59493.7,59017.59,61472.0,58571.96,1724112000000,509760,2024-08-20
16511.424216527652,60311.97,59017.59,61163.28,61898.0,58793.89,1724198400000,456808,2024-08-21
11537.926427695276,60674.45,61179.8,60383.29,61467.0,59750.0,1724284800000,426178,2024-08-22
21733.658387375428,62505.0701,60391.1,64087.4,65074.0,60343.2,1724371200000,628447,2024-08-23
6231.75926651095,64096.0641,64087.5,64179.63,64609.0,63564.22,1724457600000,306040,2024-08-24
4954.719307530248,64282.0876,64176.1,64251.93,65200.0,63793.74,1724544000000,238206,2024-08-25
12256.332805385944,63576.8642,64288.1,62966.0,64579.0,62806.8,1724630400000,372800,2024-08-26
17668.880767997412,61143.1985,62851.1,59439.64,63307.0,58009.6,1724716800000,534411,2024-08-27
12730.966862985191,59182.1953,59458.0,59045.88,60330.0,57851.62,1724803200000,542368,2024-08-28
13390.994139785862,60005.8027,59025.6,59385.5,61290.0,58717.4,1724889600000,478625,2024-08-29
12801.433110229189,58866.0364,59385.5,59112.77,60102.0,57700.0,1724976000000,491248,2024-08-30
2737.2740956604825,59144.5901,59110.0,58968.37,59622.0,58736.9,1725062400000,245342,2024-08-31
7421.114477814753,58117.7048,58968.37,57299.0,59236.0,57200.0,1725148800000,358182,2024-09-01
6932.6479858029015,58278.8385,57318.5,59139.83,59588.0,57119.01,1725235200000,291108,2024-09-02
10681.679466690335,58209.4995,59305.0,57468.84,59976.0,57394.49,1725321600000,325061,2024-09-03
18103.70367437131,57156.1194,57482.4,57971.0,58632.0,55555.0,1725408000000,500872,2024-09-04
16459.691040708483,56658.0437,57970.1,56156.82,58451.0,55601.5,1725494400000,441328,2024-09-05
24644.355583965902,54653.1227,56163.9,53950.01,57123.0,52530.0,1725580800000,664279,2024-09-06
5599.344510441847,54293.2412,53948.3,54156.33,55084.0,53733.1,1725667200000,287982,2024-09-07
5724.479945091327,54439.3713,54146.5,54881.11,55448.0,53623.95,1725753600000,274505,2024-09-08
13946.304867186069,56050.795,54856.9,57053.9,58180.0,54565.56,1725840000000,450409,2024-09-09
7933.797438274136,57172.4231,57062.7,57645.59,58136.0,56377.76,1725926400000,380266,2024-09-10
14972.725579153224,56837.3009,57630.0,57352.79,58104.0,55534.41,1726012800000,510221,2024-09-11
2188.9460236599507,58108.6112,57350.7,58287.0,58652.0,57339.0,1726099200000,45013,2024-09-12
4137.086139771104,59062.8841,58133.4,60581.0,60730.0,57658.3,1726185600000,55866,2024-09-13
1340.1307840898917,60094.7191,60581.1,60000.1,60713.0,59478.3,1726272000000,29119,2024-09-14
1742.5502641299147,59767.8577,60000.2,59135.1,60525.0,58679.1,1726358400000,33915,2024-09-15
2013.731861909849,58291.6793,59135.1,58342.0,59336.0,57488.7,1726444800000,44098,2024-09-16
15177.336311951896,60032.5554,58209.76,60317.2,61373.41,57619.9,1726531200000,445136,2024-09-17
14828.24056214259,60321.589,60317.1,61853.0,61875.0,59164.6,1726617600000,474230,2024-09-18
18538.10556177919,62832.5107,61853.0,62960.14,63950.0,61569.16,1726704000000,579391,2024-09-19
13348.426928740102,63205.1592,62922.2,63210.69,64200.0,62340.0,1726790400000,494549,2024-09-20
3930.2605826512345,63131.6906,63210.3,63362.74,63614.0,62755.0,1726876800000,218878,2024-09-21
5689.961209742116,63059.5485,63376.1,63577.66,64093.0,62380.55,1726963200000,248565,2024-09-22
10142.376606534242,63596.8469,63615.2,63338.87,64842.0,62566.28,1727049600000,372795,2024-09-23
11178.598893869284,63631.2534,63338.85,64272.93,64775.0,62689.15,1727136000000,457297,2024-09-24
7774.562229972608,63690.8662,64272.93,63130.89,64888.0,62917.4,1727222400000,359778,2024-09-25
16007.952402671694,64755.9523,63139.2,65177.21,65888.0,62652.99,1727308800000,496597,2024-09-26
11747.786235480728,65778.4561,65179.3,65789.0,66587.0,64827.85,1727395200000,392339,2024-09-27
3289.4598000003825,65773.3913,65788.8,65858.99,66410.0,65400.0,1727481600000,193506,2024-09-28
3350.2092215804673,65740.3601,65862.7,65600.01,66193.0,65433.29,1727568000000,168231,2024-09-29
13459.538343779934,63973.0907,65600.01,63301.25,65759.0,62833.95,1727654400000,412696,2024-09-30
19449.702597201,62260.412,63305.52,60790.0,64217.0,60150.89,1727740800000,552553,2024-10-01
11132.966936820512,61100.3948,60819.1,60631.37,62480.0,59969.2,1727827200000,443180,2024-10-02
9986.416405131686,60619.3339,60643.9,60744.99,61600.0,59824.87,1727913600000,466839,2024-10-03
9925.186048371037,61657.8825,60739.7,62090.71,62575.0,60451.6,1728000000000,411097,2024-10-04
2565.1495883702632,62044.2793,62081.0,62051.29,62437.0,61686.34,1728086400000,244416,2024-10-05
2866.6550394504666,62449.0285,62051.58,62810.86,63033.0,61805.85,1728172800000,215377,2024-10-06
13062.161552063155,63428.9312,62809.4,62202.02,64514.0,62113.28,1728259200000,405318,2024-10-07
8436.892346120167,62394.6086,62203.82,62122.02,63248.0,61824.48,1728345600000,358191,2024-10-08
9442.73723277974,61460.8012,62120.6,60578.28,62587.0,60255.0,1728432000000,374085,2024-10-09
12779.14307784773,60086.0608,60558.0,60279.53,61364.0,58863.9,1728518400000,452835,2024-10-10
13819.150361003301,62042.8639,60275.9,62518.75,63455.0,60029.98,1728604800000,473970,2024-10-11
4907.547548191803,63029.4183,62502.5,63187.46,63590.0,62464.15,1728691200000,268063,2024-10-12
3655.9236716305513,62665.7685,63184.9,62845.3,63406.0,62029.9,1728777600000,207220,2024-10-13
16820.133341747965,65211.6922,62834.9,66065.65,66555.0,62426.67,1728864000000,548137,2024-10-14
21695.15322099572,66374.4976,66065.64,67056.6,67944.76,64686.1,1728950400000,597258,2024-10-15
15605.5610760083,67633.9658,67056.0,67608.44,68399.0,66743.0,1729036800000,510993,2024-10-16
9872.01222976347,67181.6405,67654.0,67402.33,67962.0,66629.97,1729123200000,421502,2024-10-17
14198.50045931749,68343.4305,67399.86,68426.11,69000.62,67149.24,1729209600000,468506,2024-10-18
2451.2068643895236,68296.3393,68440.2,68363.73,68689.29,68005.83,1729296000000,189264,2024-10-19
3637.4799384711355,68677.9839,68375.0,69014.86,69402.0,68083.18,1729382400000,233494,2024-10-20
13050.65699498158,67843.2378,69010.5,67346.15,69586.0,66802.0,1729468800000,460991,2024-10-21
10325.276966412528,67258.8486,67385.1,67387.6,67824.0,66535.0,1729555200000,371252,2024-10-22
11070.982528251207,66257.3382,67384.2,66601.11,67436.0,65149.51,1729641600000,417445,2024-10-23
12174.307437480269,67674.9193,66630.5,68156.84,68846.0,66445.32,1729728000000,427692,2024-10-24
16936.899741887195,67377.5832,68170.1,66564.51,68750.0,65500.01,1729814400000,572475,2024-10-25
3632.082239570938,66893.0388,66564.51,67012.56,67446.0,66331.95,1729900800000,229445,2024-10-26
3708.1442675101575,67625.4205,67026.1,67943.19,68328.0,66836.78,1729987200000,206208,2024-10-27
19515.936766384508,68995.7701,67943.18,69924.5,70287.0,67532.48,1730073600000,538237,2024-10-28
26341.84130782161,72010.2419,69912.0,72724.35,73624.98,69705.76,1730160000000,742005,2024-10-29
15702.655274571865,72144.5664,72661.0,72322.91,73060.0,71400.0,1730246400000,464410,2024-10-30
16980.776843818523,70940.2474,72331.1,70197.83,72684.02,69559.33,1730332800000,499902,2024-10-31
18602.71152612601,69947.0629,70250.1,69467.29,71653.0,68720.0,1730419200000,545706,2024-11-01
3362.6315947103817,69447.8359,69490.1,69358.94,69939.0,69000.0,1730505600000,219120,2024-11-02
9845.963366352571,68382.4116,69300.9,68738.18,69409.0,67444.0,1730592000000,330363,2024-11-03
14583.963899543074,68081.6769,68806.0,67807.48,69505.0,66783.77,1730678400000,383054,2024-11-04
15645.054192283453,69400.8043,67787.8,69380.73,70599.0,67427.53,1730764800000,518147,2024-11-05
59140.93109737507,74142.1758,69382.7,75646.55,76509.56,69285.82,1730851200000,1211092,2024-11-06
26510.93498195858,75847.6565,75642.1,75920.0,76999.0,74397.0,1730937600000,630169,2024-11-07
21483.692621149345,76434.254,75925.0,76566.73,77312.18,75608.0,1731024000000,558993,2024-11-08
6165.445765991336,76434.5392,76550.5,76728.3,76952.67,75746.0,1731110400000,369885,2024-11-09
25779.024400859213,79423.4718,76728.3,80428.92,81534.28,76531.0,1731196800000,890927,2024-11-10
46215.760850806946,84746.4743,80423.3,88770.73,89666.0,80244.0,1731283200000,1228140,2024-11-11
9704.349455921913,87872.1744,88737.5,87932.0,89933.0,85128.0,1731369600000,141426,2024-11-12
52609.46607328698,90123.8761,88087.3,90493.82,93495.0,86137.0,1731456000000,1373358,2024-11-13
31126.086838869058,89329.299,90499.4,87340.4,91831.25,86621.9,1731542400000,979228,2024-11-14
25460.20292755928,89531.3291,87314.4,91058.36,91934.62,87100.83,1731628800000,918630,2024-11-15
8809.674540161253,91051.7586,91062.0,90555.1,91820.73,90069.21,1731715200000,542389,2024-11-16
2992.92609579,89430.2732,90076.0,89866.85,90226.0,88709.0,1731801600000,115974,2024-11-17
6750.74114878,91421.4261,90635.12,90532.0,92095.34,90294.86,1731888000000,155141,2024-11-18
5533.76013195,92505.1649,93343.26,92341.07,93697.59,91348.0,1731974400000,200637,2024-11-19
4841.64447398,94262.2808,94140.11,94359.04,94744.99,93788.2,1732060800000,136217,2024-11-20
38976.452135016334,97352.2527,94356.8,98439.09,99073.53,93986.0,1732147200000,1270570,2024-11-21
35602.45525345296,98885.3766,98496.0,99024.03,99860.0,97010.0,1732233600000,1079662,2024-11-22
15863.112233581627,98397.3509,99024.03,97778.77,99044.11,97136.0,1732320000000,763634,2024-11-23
1683906.0,96921.3205,98109.9,97887.4,98445.1,95635.0,1732406400000,1683906,2024-11-24
26633.71671573771,95776.6316,97994.1,93000.01,98999.0,92534.93,1732492800000,950551,2024-11-25
22822.78290204311,92662.4885,93000.1,91929.54,95090.0,90682.58,1732579200000,903332,2024-11-26
19721.74784966635,95249.2601,91914.6,95951.19,97387.9,91747.46,1732665600000,763447,2024-11-27
7054.0737434998155,95460.8541,95946.8,95665.53,96676.31,94653.6,1732752000000,565186,2024-11-28
16057.777683125325,97416.1675,95637.8,97490.56,98750.0,95383.46,1732838400000,650322,2024-11-29
4550.446674910937,96767.9423,97478.7,96465.42,97580.0,96129.73,1732924800000,410558,2024-11-30
5405.9278398514025,97003.6416,96456.3,97263.18,97988.0,95753.42,1733011200000,465123,2024-12-01
16693.701406261574,96062.1494,97259.17,95862.89,98240.0,94400.63,1733097600000,781901,2024-12-02
3247.9797746807,95091.0981,95853.3,95917.5,96402.0,93565.1,1733184000000,82841,2024-12-03
18418.685025790724,97195.7083,95924.85,98746.24,99263.2,94634.85,1733270400000,853606,2024-12-04
5284.001662480711,100053.6415,98710.0,96856.0,104000.0,88800.0,1733356800000,88109,2024-12-05
4172.085591370947,99467.2364,97087.3,99872.9,101995.0,96210.0,1733443200000,92420,2024-12-06
1166.9982044599496,99821.7402,99873.0,99899.9,100530.0,98788.0,1733529600000,45906,2024-12-07
5703.79405483082,99993.4258,99900.0,101174.99,101480.0,98699.7,1733616000000,523216,2024-12-08
1580.6616762098863,97786.6593,101240.0,97410.0,101300.0,94222.0,1733702400000,48633,2024-12-09
23846.849455787513,96479.395,97330.66,96660.76,98368.0,94273.38,1733788800000,983828,2024-12-10
24703.581975062818,99970.339,96655.1,101202.11,101984.98,95722.79,1733875200000,885228,2024-12-11
17513.394551553047,100969.371,101177.1,100030.47,102595.0,99280.0,1733961600000,828486,2024-12-12
15236.315518307109,100913.6944,100024.75,101428.75,101959.13,99220.81,1734048000000,685948,2024-12-13
5772.686344261576,101595.1426,101483.1,101399.99,102650.0,100550.0,1734134400000,482588,2024-12-14
10772.75434587289,103155.8146,101400.1,104447.76,105100.0,101210.0,1734220800000,563537,2024-12-15
28806.39868083524,105937.2885,104360.0,106099.81,107857.79,103220.0,1734307200000,1062394,2024-12-16
17891.341011987042,106799.7892,106070.2,106136.99,108388.88,105110.0,1734393600000,829921,2024-12-17
26495.96751102518,102757.4688,106152.0,100150.73,106528.13,99939.82,1734480000000,1075545,2024-12-18
28638.84164025705,98895.5754,100166.1,97372.21,102800.0,95539.67,1734566400000,1129175,2024-12-19
34178.97034636,95567.0765,97352.32,97758.4,98208.8,92115.66,1734652800000,1173843,2024-12-20
8185.23897733144,97875.8231,97781.8,97230.08,99596.57,96359.8,1734739200000,614987,2024-12-21
6675.580371101276,95744.3142,97232.7,95087.75,97435.0,94182.98,1734825600000,614795,2024-12-22
16870.811151692407,94014.2993,95101.9,94764.56,96548.0,92360.91,1734912000000,865983,2024-12-23
15474.436602476959,97051.9624,94699.4,98594.47,99554.0,93426.25,1734998400000,773221,2024-12-24
6414.658706941968,98529.0126,98594.47,99346.28,99566.0,97557.48,1735084800000,524971,2024-12-25
13433.205155855137,96282.7038,99463.0,95669.49,99900.0,95083.93,1735171200000,739017,2024-12-26
15476.711515185822,94972.7494,95660.9,94171.89,97554.0,93234.31,1735257600000,817735,2024-12-27
3462.8059356513204,94620.9319,94147.6,95130.82,95916.0,94002.72,1735344000000,446154,2024-12-28
4701.453980039659,94062.4698,95204.1,93563.35,95559.0,92841.48,1735430400000,449189,2024-12-29
19241.354987192357,93037.5914,93551.0,92620.71,95135.0,91256.6,1735516800000,743023,2024-12-30
15102.39898984,94102.5991,92346.7,93383.32,96400.0,91887.13,1735603200000,682779,2024-12-31
546.4188032799949,93954.3074,93758.0,94757.0,95287.0,93072.0,1735689600000,18517,2025-01-01
576.9621790599837,96488.8147,94757.0,97035.0,97887.0,94521.0,1735776000000,29992,2025-01-02
10997.652973953225,97654.7085,96805.3,98136.51,99028.0,96016.63,1735862400000,583393,2025-01-03
3517.5265187003943,98005.872,98111.1,98209.85,98781.0,97516.65,1735948800000,405816,2025-01-04
3035.8993850199513,98046.1126,98208.9,98345.33,98889.0,97250.0,1736035200000,373592,2025-01-05
18260.40580569346,100963.9434,98306.3,102279.41,102560.0,97900.0,1736121600000,686852,2025-01-06
20002.135454377003,98584.6137,102300.0,96941.98,102760.0,96100.0,1736208000000,740386,2025-01-07
18447.181323905963,94934.542,96932.2,95202.0,97346.0,92500.0,1736294400000,773224,2025-01-08
13551.258817411219,92995.2677,95060.1,92547.44,95479.0,91168.5,1736380800000,703714,2025-01-09
15485.422732613695,94168.036,92547.44,94701.18,95930.0,92200.0,1736467200000,668297,2025-01-10
3101.286412390462,94346.7697,94698.9,94565.02,95115.0,93804.05,1736553600000,341259,2025-01-11
2690.4715358203007,94499.3075,94562.1,94580.0,95534.0,93652.2,1736640000000,340944,2025-01-12
18207.302209261008,92178.7692,94450.0,94506.45,96069.0,89005.8,1736726400000,802327,2025-01-13
13099.077382647709,96123.149,94487.1,96534.96,97451.0,94311.36,1736812800000,641031,2025-01-14
16495.116391189284,98804.0413,96534.97,100510.23,100731.7,96400.0,1736899200000,769282,2025-01-15
14729.88297037025,99451.1041,100490.0,99981.78,100880.0,97277.58,1736985600000,747554,2025-01-16
25269.05390908933,103650.7055,99976.7,104107.0,105970.0,99937.81,1737072000000,967623,2025-01-17
10139.987014914674,103754.026,104040.0,104435.0,104960.0,102200.0,1737158400000,734604,2025-01-18
18536.342341544056,103660.983,104382.0,101211.13,106370.0,99518.0,1737244800000,914996,2025-01-19
41376.56986812438,104763.5306,101217.78,102145.43,109590.0,99416.27,1737331200000,1519789,2025-01-20
23287.178917694207,104736.3935,102142.1,106159.26,107360.0,100051.0,1737417600000,1056421,2025-01-21
12633.461130559328,104636.0122,106162.8,103667.11,106431.34,103100.0,1737504000000,754260,2025-01-22
36524.70614164,104181.8378,103202.35,103973.87,107000.0,101200.01,1737590400000,1285535,2025-01-23
15234.929520695625,105427.0715,103920.2,104850.27,107200.0,102700.0,1737676800000,777214,2025-01-24
4180.3313557907795,104686.0128,104840.4,104733.56,105294.0,104100.0,1737763200000,384024,2025-01-25
5848.836820460883,104066.8864,104705.3,102563.0,105478.8,102452.24,1737849600000,479692,2025-01-26
28684.121990921118,100419.6893,102565.28,102062.42,103300.0,97688.7,1737936000000,1254382,2025-01-27
11696.64776047528,102291.9865,102133.3,101299.8,103850.0,100200.0,1738022400000,727597,2025-01-28
15331.76315168,102955.1582,101774.62,103737.04,104829.64,101356.1,1738108800000,710165,2025-01-29
15357.866388636676,105279.0392,103708.1,104742.64,106520.0,103252.5,1738195200000,683465,2025-01-30
15465.923377738334,103699.9561,104742.63,102411.26,106090.0,101500.0,1738281600000,730960,2025-01-31
4839.742174071411,101719.6208,102406.0,100623.85,102790.0,100147.0,1738368000000,531253,2025-02-01
15319.464714296491,98420.002,100690.0,97676.52,101460.0,96100.0,1738454400000,1005844,2025-02-02
49133.09373448,96537.1967,97696.0,101416.34,102599.85,91000.0,1738540800000,1755176,2025-02-03
18233.379262074453,99019.9718,101460.15,97795.05,101812.23,96127.0,1738627200000,834134,2025-02-04
10627.684578734792,97650.215,97795.06,96638.33,99230.49,96161.01,1738713600000,613232,2025-02-05
15176.84763438,97243.9847,96613.4,96585.99,99222.0,95664.6,1738800000000,685829,2025-02-06
14747.801451343417,97544.0169,96558.5,96537.08,100235.79,95614.96,1738886400000,708772,2025-02-07
3640.139386160271,96395.4113,96536.93,96496.5,96919.05,95656.9,1738972800000,397835,2025-02-08
7010.79484298,96087.6707,96496.5,96493.39,97366.0,94726.0,1739059200000,494125,2025-02-09
9733.43335192,97245.8568,96473.0,97472.0,98468.0,95194.7,1739145600000,531749,2025-02-10
10167.62024569437,96445.5203,97441.2,95774.08,98645.0,94831.07,1739232000000,548085,2025-02-11
12141.03258315603,96316.0224,95767.1,97862.53,98200.0,94066.92,1739318400000,555011,2025-02-12
8808.844366898238,96283.4989,97874.0,96625.29,98166.0,95220.0,1739404800000,517117,2025-02-13
9892.957746434973,97511.6178,96628.0,97509.03,98890.11,96268.56,1739491200000,516902,2025-02-14
2047.0435797601256,97600.9338,97464.0,97596.94,97997.85,97225.01,1739577600000,350040,2025-02-15
2715.174760953101,96913.1943,97588.2,96257.0,97738.22,96057.68,1739664000000,353254,2025-02-16
5190.55508051937,95971.3747,96144.1,95781.8,97163.0,95200.0,1739750400000,395059,2025-02-17
12084.381233814322,94839.5607,95772.8,95607.4,96923.0,93333.0,1739836800000,604784,2025-02-18
8795.184295502238,96039.1424,95600.0,96632.03,97056.0,94996.8,1739923200000,444565,2025-02-19
12058.825264975687,97673.9249,96632.03,98347.2,98862.0,96405.7,1740009600000,568169,2025-02-20
22158.408055223048,97105.2479,98347.2,96157.03,99574.0,94721.92,1740096000000,805930,2025-02-21
7982.224759819796,96470.764,96099.5,96582.12,97143.0,95767.95,1740182400000,338218,2025-02-22
4328.53207244962,96150.0747,96600.1,96303.4,96767.0,95243.91,1740268800000,286765,2025-02-23
16322.816662273854,94173.703,96303.4,91510.82,96659.0,91300.0,1740355200000,654904,2025-02-24
41774.612089547634,88541.9793,91509.88,88583.74,92833.0,85836.18,1740441600000,1488286,2025-02-25
31312.753964368785,85708.6676,88583.17,84111.78,89623.0,80525.0,1740528000000,1133928,2025-02-26
21525.146429446282,84828.1336,84089.9,85007.0,87320.0,82554.11,1740614400000,835812,2025-02-27
39315.39224549108,81654.7434,84668.4,84297.73,85330.0,78167.81,1740700800000,1387121,2025-02-28
9483.167358992197,85171.9071,84309.2,86018.76,86819.0,83772.54,1740787200000,480069,2025-03-01
24083.551182444568,90607.8617,86020.8,94265.48,95321.0,84500.1,1740873600000,840984,2025-03-02
29529.830316002295,89610.8205,94265.47,86161.1,94633.0,85007.01,1740960000000,1076604,2025-03-03
30109.867577522098,84751.7365,86144.7,87250.0,89168.0,81434.5,1741046400000,1022823,2025-03-04
19533.194312600823,89058.4809,87250.0,90603.73,91262.0,86329.22,1741132800000,788582,2025-03-05
16844.89871932009,90116.3573,90610.4,89921.85,92997.0,87790.5,1741219200000,789021,2025-03-06
33084.234990550984,87913.8854,89925.3,86756.98,91454.0,84608.27,1741305600000,1048066,2025-03-07
4705.676339960525,86168.4512,86762.3,86206.69,87140.0,85200.0,1741392000000,328333,2025-03-08
11163.45971722182,82797.4593,86164.1,80952.0,86823.0,80000.0,1741478400000,549497,2025-03-09
27148.7636943381,80150.4,80708.21,78558.8,84245.0,77389.0,1741564800000,1041664,2025-03-10
22831.749789708134,80673.3788,78558.9,82914.51,83820.0,76555.0,1741651200000,912432,2025-03-11
16241.983702473553,82513.6362,82900.0,83659.43,84630.0,80572.21,1741737600000,742589,2025-03-12
12923.944434313644,81761.6258,83659.45,81073.43,84494.0,79890.0,1741824000000,595582,2025-03-13
14087.557383420763,83741.4661,81112.3,84207.0,85487.0,80771.17,1741910400000,534584,2025-03-14
3214.6304629704055,84280.0932,83997.7,84351.46,84911.0,83612.24,1741996800000,306369,2025-03-15
5211.988198380981,83381.0849,84351.45,82562.57,85280.0,81969.44,1742083200000,363584,2025-03-16
9639.781044911759,83615.8456,82600.0,84011.4,84920.0,82416.98,1742169600000,389852,2025-03-17
10062.888107062385,82266.1326,84015.2,82698.76,84221.0,81125.0,1742256000000,417453,2025-03-18
16382.765361706706,84543.9603,82705.4,86877.96,87189.0,82535.53,1742342400000,540855,2025-03-19
12424.910870743975,85260.2375,87030.0,84183.42,87622.0,83596.75,1742428800000,497810,2025-03-20
7581.995538601589,83998.5136,84183.41,84061.96,84945.0,83100.0,1742515200000,417701,2025-03-21
2634.278738259736,84142.9882,84034.3,83800.0,84594.0,83659.69,1742601600000,174401,2025-03-22
4229.03650627041,84886.8189,83800.0,86092.94,86288.0,83799.9,1742688000000,228932,2025-03-23
15617.848069643971,87782.565,86076.5,87523.62,88868.0,85533.06,1742774400000,520897,2025-03-24
11981.309563373188,87629.2747,87511.9,87427.88,88651.0,86306.7,1742860800000,410948,2025-03-25
9432.048537932485,87134.8707,87432.82,86899.0,88460.0,85850.0,1742947200000,404913,2025-03-26
8122.249638922017,87036.4542,86899.0,87217.48,87934.0,85784.0,1743033600000,381904,2025-03-27
13027.441020453902,84839.621,87209.9,84373.9,87578.0,83530.1,1743120000000,485023,2025-03-28
4888.172354760677,82954.8133,84373.9,82613.8,84779.0,81608.99,1743206400000,328248,2025-03-29
4152.01394160017,82747.7186,82866.0,82379.98,83697.0,81538.88,1743292800000,291349,2025-03-30
9345.12986192132,82632.3517,82325.4,82534.32,83998.0,81265.16,1743379200000,473988,2025-03-31
11357.764515553576,84286.1218,82523.0,85170.37,85566.53,82403.32,1743465600000,496446,2025-04-01
20950.87652203718,85421.1468,85166.92,82490.08,89042.7,82141.5,1743552000000,698121,2025-04-02
14397.414528337335,82384.7264,82517.0,83174.33,83953.45,81177.7,1743638400000,649530,2025-04-03
17315.188506016537,83178.5675,83133.0,83860.16,84720.67,81634.0,1743724800000,701415,2025-04-04
3990.567933360333,83261.4646,83859.78,83498.25,84238.35,82346.61,1743811200000,261498,2025-04-05
16022.765274633408,79752.7141,83508.9,78370.75,83807.0,77057.7,1743897600000,652162,2025-04-06
34012.31331674034,77727.0204,78364.8,79140.01,81262.0,74409.1,1743984000000,1402221,2025-04-07
18116.38453018483,78226.6335,79130.1,76251.64,80901.0,76164.6,1744070400000,838308,2025-04-08
30651.74345719586,79098.8952,76276.5,82594.75,83583.35,74553.01,1744156800000,1181665,2025-04-09
14945.225329964955,80528.1477,82593.15,79552.34,82730.93,78387.24,1744243200000,679740,2025-04-10
13416.561091057429,82311.522,79552.34,83380.47,84299.0,78888.0,1744329600000,580966,2025-04-11
6082.553599749702,84454.133,83372.0,85271.01,85909.97,82750.0,1744416000000,348902,2025-04-12
5917.249499750369,84299.2629,85284.1,83733.07,86092.99,83000.0,1744502400000,408158,2025-04-13
9838.22155775107,84726.2294,83719.8,84590.36,85818.06,83655.27,1744588800000,484610,2025-04-14
8107.983859220538,85028.7524,84530.7,83629.78,86491.4,83592.77,1744675200000,511136,2025-04-15
10405.021097111508,84166.7776,83633.5,84028.72,85526.4,83088.02,1744761600000,452471,2025-04-16
7447.514199800526,84651.7218,84027.5,84961.97,85494.94,83650.0,1744848000000,378597,2025-04-17
2867.104279670271,84598.0877,84961.97,84472.5,85150.94,84200.0,1744934400000,245118,2025-04-18
2420.9558329401375,85098.4606,84472.5,85074.99,85625.0,84311.0,1745020800000,248756,2025-04-19
2606.604360139963,84772.0089,85121.3,85177.34,85319.21,83817.0,1745107200000,244545,2025-04-20
15412.08409155197,87447.7053,85177.33,87522.07,88630.0,84940.0,1745193600000,593597,2025-04-21
23462.955301077818,90731.5196,87473.0,93472.0,93952.62,87038.0,1745280000000,1026081,2025-04-22
15839.057292514297,93442.2106,93486.57,93740.92,94686.0,91902.19,1745366400000,751957,2025-04-23
10740.297438440697,93106.5362,93677.0,94021.96,94061.02,91685.18,1745452800000,536543,2025-04-24
17108.277321188893,94769.3695,94000.0,94717.1,95976.34,92880.01,1745539200000,609433,2025-04-25
3060.034692069708,94469.6941,94717.2,94666.64,95273.52,93903.01,1745625600000,311539,2025-04-26
3233.616196539744,94177.1755,94663.5,93817.0,95369.0,93621.5,1745712000000,302776,2025-04-27
9943.566306081064,94256.1634,93780.56,95042.57,95652.66,92829.44,1745798400000,474559,2025-04-28
8049.411865501323,94897.6537,95042.56,94271.09,95531.0,93761.26,1745884800000,422626,2025-04-29
8734.453615781365,94250.6283,94269.7,94182.54,95285.0,92911.88,1745971200000,444789,2025-04-30
10496.27289228443,96200.2541,94182.55,96524.98,97546.99,94136.79,1746057600000,507146,2025-05-01
7256.7808759602385,97153.101,96524.98,96929.81,97948.56,96369.69,1746144000000,430132,2025-05-02
3766.8486149803466,96293.2424,96920.7,95861.33,96974.78,95765.13,1746230400000,265539,2025-05-03
6520.619935419753,95480.6566,95869.9,94272.55,96439.0,94151.67,1746316800000,301360,2025-05-04
8648.029960890488,94360.6885,94303.1,94733.99,95407.0,93500.01,1746403200000,374807,2025-05-05
8001.925740560041,94675.8156,94733.99,96839.17,96999.0,93363.28,1746489600000,353209,2025-05-06
10147.081720794095,96823.5782,96843.84,97058.32,97840.0,95800.0,1746576000000,420132,2025-05-07
19616.474123734573,100560.82,97031.4,103228.0,104190.0,96874.9,1746662400000,689710,2025-05-08
9427.065589243335,103081.1572,103228.0,102976.9,104352.6,102330.0,1746748800000,513793,2025-05-09
4484.628648950571,103638.3198,102977.0,104821.19,104997.0,102800.0,1746835200000,349146,2025-05-10
4506.014488360893,104194.2993,104817.83,104137.62,104980.89,103310.0,1746921600000,325759,2025-05-11
13628.628714054857,103461.6373,104119.0,102825.0,105787.37,100703.71,1747008000000,578761,2025-05-12
10200.69723508226,103711.8975,102825.1,104156.7,105038.53,101447.78,1747094400000,474448,2025-05-13
8846.976385182114,103547.72,104156.8,103545.38,104373.0,102510.0,1747180800000,440648,2025-05-14
8892.831625982035,102890.0598,103540.91,103786.43,104200.0,101400.01,1747267200000,483967,2025-05-15
8000.739488461985,103883.116,103786.4,103500.03,104616.71,103100.0,1747353600000,441141,2025-05-16
2432.1108260902347,103155.6687,103500.1,103161.07,103741.98,102612.0,1747440000000,251263,2025-05-17
6572.631078261096,104803.3635,103169.1,106473.46,106692.97,103130.95,1747526400000,322883,2025-05-18
12786.974171207776,104422.668,106525.6,105616.18,107137.68,102010.0,1747612800000,530869,2025-05-19
11210.729669265931,105970.9169,105637.7,106883.24,107355.0,104120.0,1747699200000,550514,2025-05-20
22528.758848529033,108001.4093,106883.24,109699.54,110788.98,106020.0,1747785600000,889221,2025-05-21
14162.445001847385,111095.3665,109697.19,111722.53,112000.0,109217.23,1747872000000,740173,2025-05-22
13113.430995281662,109341.4853,111722.54,107329.61,111824.07,106710.0,1747958400000,639706,2025-05-23
3988.5814197210075,108379.874,107332.08,107794.01,109517.79,106750.0,1748044800000,342033,2025-05-24
4045.0791460909004,107719.0501,107824.2,109048.68,109371.04,106400.0,1748131200000,353138,2025-05-25
6432.762292552141,109643.4947,109040.4,109464.32,110474.41,108550.0,1748217600000,375126,2025-05-26
10567.682576982736,109686.316,109468.6,109004.9,110829.42,107510.0,1748304000000,545802,2025-05-27
8164.911390364702,108042.5978,109004.9,107811.7,109344.89,106750.0,1748390400000,506321,2025-05-28
11474.00707616563,107041.4475,107811.7,105590.0,108943.35,105300.0,1748476800000,577078,2025-05-29
9702.36237411501,105004.991,105632.5,104033.26,106377.66,103460.0,1748563200000,606796,2025-05-30
3105.2949622298747,104118.2042,104033.0,104645.87,104965.5,103110.0,1748649600000,333479,2025-05-31
3084.4641209401175,104878.2411,104662.0,105697.94,105937.46,103790.0,1748736000000,300325,2025-06-01
7103.368736124371,104760.7726,105712.4,105904.94,106000.0,103670.0,1748822400000,422070,2025-06-02
7583.404446373841,105966.4089,105920.4,105447.82,106901.68,104880.0,1748908800000,432719,2025-06-03
5334.201601821149,105115.2359,105446.0,104753.38,106058.47,104202.0,1748995200000,368685,2025-06-04
14274.949543486839,103096.4397,104745.4,101570.2,105999.68,100345.73,1749081600000,709403,2025-06-05
11108.668623174002,103897.2773,101579.7,104397.99,105439.01,101132.91,1749168000000,550109,2025-06-06
4739.740544059951,105189.3393,104376.0,105619.02,106000.0,103969.7,1749254400000,316137,2025-06-07
2672.435899080223,105894.125,105619.02,105784.4,106550.0,105028.3,1749340800000,246201,2025-06-08
8185.177546291206,108081.9097,105754.2,110301.15,110680.0,105368.27,1749427200000,422302,2025-06-09
6908.66231919124,109473.7374,110280.0,110300.24,110420.08,108310.0,1749513600000,423719,2025-06-10
5792.238320771733,109351.6652,110273.6,108669.37,110435.05,108010.0,1749600000000,432936,2025-06-11
7492.8931010729375,107337.4476,108701.9,105700.0,108853.74,105700.0,1749686400000,512849,2025-06-12
10185.707186185175,104672.8678,105760.1,106118.7,106250.0,102660.0,1749772800000,644896,2025-06-13
2989.010661029822,105098.8896,106122.3,105465.42,106264.36,104351.72,1749859200000,306006,2025-06-14
2407.187499500191,105368.4931,105465.42,105581.4,106260.0,104505.05,1749945600000,346168,2025-06-15
7450.235857560228,107459.6705,105581.5,106853.38,109030.0,104982.26,1750032000000,463315,2025-06-16
9802.496025523593,105129.8881,106800.1,104622.4,107792.9,103363.3,1750118400000,562324,2025-06-17
6779.621123841441,104557.9218,104622.5,104915.6,105660.0,103512.38,1750204800000,488568,2025-06-18
3858.5223997305793,104655.0931,104891.9,104671.9,105340.0,103916.37,1750291200000,305591,2025-06-19
6826.764616851534,104260.2841,104675.2,103317.8,106580.0,102357.25,1750377600000,431684,2025-06-20
4955.353099220571,102648.8633,103300.0,102160.03,104120.0,100919.19,1750464000000,344407,2025-06-21
12348.278930754643,100438.7314,102153.0,100996.87,103470.0,98225.01,1750550400000,608233,2025-06-22
12561.102359211241,102649.7071,100987.9,105382.0,106210.0,99677.07,1750636800000,557369,2025-06-23
7512.451839232202,105470.8737,105418.4,106141.0,106366.29,104681.83,1750723200000,435493,2025-06-24
8948.498965531538,107305.9909,106100.0,107400.22,108206.0,105875.0,1750809600000,464857,2025-06-25
5888.253024071294,107471.0251,107360.0,107029.64,108345.0,106520.0,1750896000000,426856,2025-06-26
7104.08538475123,107017.9136,107029.63,107113.38,107804.2,106370.0,1750982400000,400565,2025-06-27
1768.3091297098872,107308.0523,107119.17,107352.2,107599.81,106868.94,1751068800000,200558,2025-06-28
2734.3772131802175,107865.6099,107325.1,108387.2,108590.0,107220.0,1751155200000,242209,2025-06-29
6720.259352480355,107646.3587,108387.3,107173.21,108800.0,106724.76,1751241600000,400618,2025-06-30
8033.978605001249,106387.097,107120.3,105920.0,107620.0,105262.0,1751328000000,420304,2025-07-01
9856.316628831903,108322.1283,105700.1,108888.32,109900.0,105116.4,1751414400000,484201,2025-07-02
7810.350410770552,109657.7771,108846.9,109631.0,110700.0,108574.31,1751500800000,434336,2025-07-03
4084.7518484510174,108328.5841,109631.0,108028.6,109910.0,107268.84,1751587200000,315992,2025-07-04
1717.6330761098602,108131.2489,108018.9,108246.65,108540.0,107783.1,1751673600000,185782,2025-07-05
2234.5327677199452,108772.0454,108249.5,109217.98,109860.0,107825.2,1751760000000,231923,2025-07-06
5294.666849948134,108425.3214,109223.2,108269.84,109830.0,107507.0,1751846400000,369837,2025-07-07
4618.585664839849,108644.7983,108282.1,108931.9,109340.0,107438.33,1751932800000,346695,2025-07-08
9570.902963691431,110407.7505,108932.0,111282.85,112152.91,108329.87,1752019200000,473666,2025-07-09
16669.86204010054,113289.6863,111323.7,116031.3,117430.0,110541.87,1752105600000,672590,2025-07-10
12321.762692902741,117525.4006,116031.29,117582.16,118909.74,115211.74,1752192000000,702292,2025-07-11
2968.4196578301203,117625.9929,117532.6,117472.65,118244.51,116720.0,1752278400000,314767,2025-07-12
4549.53597801037,118645.0199,117461.0,119130.81,119500.0,117120.0,1752364800000,364497,2025-07-13
16278.189710964734,120632.9176,119130.81,119863.71,123231.07,118790.0,1752451200000,756934,2025-07-14
26521.897736448867,117281.584,119855.0,117781.64,119973.3,115697.37,1752537600000,979577,2025-07-15
10624.276482281963,118981.196,117741.0,118681.68,120134.8,117033.23,1752624000000,535128,2025-07-16
8760.400083600383,118964.6061,118681.67,119273.69,121050.0,117469.0,1752710400000,503904,2025-07-17
241.58644474001267,118641.2714,119250.0,118000.0,120920.0,116930.0,1752796800000,12529,2025-07-18
2062.9432979301387,118081.4953,118011.9,117914.17,118564.59,117300.0,1752883200000,350265,2025-07-19
3250.908199909796,117948.5479,117909.1,117312.7,118921.76,116410.0,1752969600000,343822,2025-07-20
6766.823940511244,118023.1588,117319.0,117428.79,119745.93,116550.0,1753056000000,456777,2025-07-21
9150.429912600823,118684.8658,117461.0,120026.42,120300.0,116150.0,1753142400000,478996,2025-07-22
7088.455037600923,118275.9203,119977.5,118810.44,120180.93,117342.21,1753228800000,418861,2025-07-23
8297.618118451295,118675.1847,118735.3,118397.04,119590.0,117190.0,1753315200000,428357,2025-07-24
26595.270306269726,116118.125,118400.0,117633.27,118520.0,114733.1,1753401600000,847857,2025-07-25
7525.628648890525,117804.7194,117628.1,117937.5,118430.0,117095.73,1753488000000,386916,2025-07-26
5719.87422336026,118682.9007,117937.6,119465.52,119870.0,117849.99,1753574400000,300482,2025-07-27
8778.351261941081,118416.7572,119455.1,117979.7,119900.0,117380.6,1753660800000,394025,2025-07-28
7347.667720852066,117957.1335,117979.7,117933.39,119410.0,116900.0,1753747200000,413343,2025-07-29
6108.038171741113,117379.7688,117916.9,117830.15,118930.0,115728.49,1753833600000,424221,2025-07-30
6199.057455201016,117551.1902,117820.7,115761.13,119100.0,115500.0,1753920000000,389756,2025-07-31
12030.639064109599,114640.5234,115762.4,113248.73,116270.0,112659.0,1754006400000,685361,2025-08-01
4215.961098880878,113128.1185,113290.1,112525.2,114260.0,112000.0,1754092800000,387813,2025-08-02
4719.79465542,113872.365,112525.2,114215.7,114980.0,111897.1,1754179200000,306993,2025-08-03
5955.998406189965,114896.7554,114215.7,115051.85,115810.0,114118.18,1754265600000,341912,2025-08-04
6251.550155526903,113738.4522,115092.1,114180.0,115220.0,112622.14,1754352000000,379084,2025-08-05
5722.6114502094015,114739.0667,114112.95,115028.83,115870.0,113347.87,1754438400000,357558,2025-08-06
7089.260918162346,116437.7222,115010.0,117515.49,117800.0,114268.6,1754524800000,375758,2025-08-07
6270.325108960784,116695.1816,117498.1,116683.79,117900.0,115800.0,1754611200000,358437,2025-08-08
3321.1772723204754,116790.3111,116676.0,116492.51,117950.0,116282.1,1754697600000,272669,2025-08-09
4204.5649358099845,118390.4204,116467.4,119309.37,119430.0,116467.3,1754784000000,279359,2025-08-10
9635.056491280557,120373.2548,119288.4,118701.84,122370.0,118050.0,1754870400000,468077,2025-08-11
5945.6750502365185,119332.0418,118724.5,120113.18,120327.0,118190.81,1754956800000,420060,2025-08-12
617.0396705299648,121069.8363,120090.0,123320.0,123380.0,118890.0,1755043200000,18469,2025-08-13
401.1264616699986,119886.5379,123320.0,118410.0,123640.0,117190.0,1755129600000,17578,2025-08-14
6448.136604171681,117998.4299,118383.1,117436.96,119360.0,116560.9,1755216000000,490705,2025-08-15
2193.178434029739,117678.0789,117426.7,117455.68,118070.0,117222.01,1755302400000,324604,2025-08-16
2590.651350041352,118014.8466,117487.5,117488.6,118680.0,117249.49,1755388800000,296395,2025-08-17
1961.3069923298137,115880.7734,117441.3,116260.0,117640.0,114715.9,1755475200000,58321,2025-08-18
9528.145178030914,114252.4373,116430.0,112856.19,116920.0,112696.56,1755561600000,540942,2025-08-19
7741.254056220819,113613.2342,112830.4,114276.0,114890.0,112344.11,1755648000000,498569,2025-08-20
7579.6047860303515,113109.3299,114273.8,112480.3,115020.0,111964.0,1755734400000,429821,2025-08-21
9343.151492247933,114972.8918,112480.29,116908.68,117570.0,111649.75,1755820800000,558204,2025-08-22
